Order ID,Order Date,Ship Mode,Customer ID,Customer Name,Segment,City,State,Region,Category,Sub-Category,Product Name,Unit Price,Quantity,Discount,Sales,Profit
ORD-00412,2021-01-01,First Class,CUST-0258,Customer_258,Consumer,Ohio_City4,Ohio,Central,Furniture,Tables,Conference Table,667.74,9,0.0,6009.66,786.05
ORD-00130,2021-01-02,Second Class,CUST-0066,Customer_66,Consumer,Illinois_City5,Illinois,Central,Furniture,Chairs,Ergonomic Chair,592.25,6,0.0,3553.5,412.31
ORD-00798,2021-01-03,Second Class,CUST-0006,Customer_6,Consumer,California_City3,California,West,Furniture,Tables,Folding Table,358.77,2,0.05,681.66,63.78
ORD-00389,2021-01-04,Standard Class,CUST-0204,Customer_204,Corporate,Michigan_City3,Michigan,Central,Furniture,Chairs,Ergonomic Chair,457.39,4,0.05,1738.08,192.46
ORD-00226,2021-01-05,Second Class,CUST-0131,Customer_131,Consumer,New York_City3,New York,East,Office Supplies,Labels,Sticky Notes,120.81,4,0.15,410.75,87.18
ORD-00723,2021-01-06,Standard Class,CUST-0113,Customer_113,Consumer,Nevada_City2,Nevada,West,Furniture,Bookcases,Oak Bookcase,240.13,9,0.0,2161.17,176.58
ORD-00847,2021-01-06,Standard Class,CUST-0035,Customer_35,Corporate,Louisiana_City2,Louisiana,South,Technology,Computers,MacBook Pro,1304.8,6,0.05,7437.36,1450.36
ORD-00117,2021-01-07,Second Class,CUST-0222,Customer_222,Consumer,Florida_City5,Florida,East,Furniture,Chairs,Mesh Chair,1190.61,2,0.15,2024.04,85.65
ORD-00311,2021-01-08,Standard Class,CUST-0247,Customer_247,Corporate,Oregon_City2,Oregon,West,Technology,Phones,Google Pixel,1635.48,4,0.15,5560.63,1374.67
ORD-00448,2021-01-12,First Class,CUST-0099,Customer_99,Corporate,Pennsylvania_City2,Pennsylvania,East,Technology,Copiers,Xerox WorkCentre,780.71,1,0.1,702.64,164.33
ORD-00504,2021-01-13,First Class,CUST-0007,Customer_7,Home Office,Tennessee_City4,Tennessee,South,Furniture,Tables,Standing Desk,860.66,5,0.1,3872.97,376.81
ORD-00022,2021-01-14,Standard Class,CUST-0236,Customer_236,Home Office,Texas_City3,Texas,Central,Furniture,Chairs,Ergonomic Chair,424.19,8,0.0,3393.52,380.19
ORD-00168,2021-01-15,Standard Class,CUST-0187,Customer_187,Consumer,New York_City1,New York,East,Furniture,Chairs,Ergonomic Chair,430.43,6,0.15,2195.19,345.88
ORD-00956,2021-01-17,Standard Class,CUST-0149,Customer_149,Home Office,Washington_City4,Washington,West,Furniture,Furnishings,Lamp Set,747.6,2,0.0,1495.2,96.3
ORD-00289,2021-01-17,Standard Class,CUST-0161,Customer_161,Home Office,Tennessee_City1,Tennessee,South,Technology,Phones,iPhone 14,1682.16,3,0.0,5046.48,798.1
ORD-00272,2021-01-20,Standard Class,CUST-0017,Customer_17,Consumer,Virginia_City3,Virginia,East,Furniture,Tables,Standing Desk,398.44,4,0.15,1354.7,178.21
ORD-00318,2021-01-20,Second Class,CUST-0142,Customer_142,Consumer,Nevada_City2,Nevada,West,Technology,Accessories,Keyboard Wireless,563.88,2,0.2,902.21,230.28
ORD-00932,2021-01-20,Standard Class,CUST-0141,Customer_141,Consumer,Oregon_City2,Oregon,West,Technology,Copiers,HP LaserJet,959.34,4,0.05,3645.49,806.7
ORD-00623,2021-01-21,Standard Class,CUST-0085,Customer_85,Home Office,New York_City2,New York,East,Furniture,Chairs,Guest Chair,588.15,6,0.1,3176.01,190.68
ORD-00108,2021-01-24,Standard Class,CUST-0207,Customer_207,Consumer,Missouri_City5,Missouri,Central,Furniture,Tables,Standing Desk,283.49,3,0.0,850.47,79.23
ORD-00681,2021-01-26,Standard Class,CUST-0151,Customer_151,Corporate,Michigan_City2,Michigan,Central,Office Supplies,Envelopes,Padded Mailer,15.49,7,0.0,108.43,23.46
ORD-00587,2021-01-26,Same Day,CUST-0035,Customer_35,Corporate,California_City2,California,West,Furniture,Chairs,Executive Chair,916.84,3,0.15,2337.94,127.03
ORD-00671,2021-01-29,Standard Class,CUST-0034,Customer_34,Corporate,Michigan_City3,Michigan,Central,Furniture,Bookcases,Oak Bookcase,411.59,7,0.05,2737.07,361.9
ORD-00819,2021-01-29,First Class,CUST-0047,Customer_47,Consumer,New York_City5,New York,East,Office Supplies,Labels,Name Badge,90.16,9,0.0,811.44,181.62
ORD-00998,2021-01-29,Second Class,CUST-0032,Customer_32,Home Office,Tennessee_City3,Tennessee,South,Office Supplies,Binders,Portfolio,36.58,8,0.0,292.64,62.13
ORD-00214,2021-01-31,Standard Class,CUST-0112,Customer_112,Consumer,Virginia_City4,Virginia,East,Furniture,Tables,Folding Table,777.6,4,0.1,2799.36,423.14
ORD-00880,2021-02-01,Second Class,CUST-0104,Customer_104,Corporate,Arizona_City5,Arizona,West,Technology,Computers,Dell Laptop,298.27,3,0.1,805.33,168.84
ORD-00634,2021-02-05,First Class,CUST-0039,Customer_39,Corporate,Washington_City2,Washington,West,Technology,Copiers,HP LaserJet,1515.42,5,0.0,7577.1,2032.04
ORD-00545,2021-02-09,Standard Class,CUST-0160,Customer_160,Consumer,California_City4,California,West,Office Supplies,Envelopes,Bubble Wrap,40.08,3,0.1,108.22,11.72
ORD-00133,2021-02-09,Standard Class,CUST-0062,Customer_62,Consumer,Tennessee_City5,Tennessee,South,Technology,Phones,Nokia G50,1772.73,7,0.1,11168.2,2378.54
ORD-00501,2021-02-10,Standard Class,CUST-0074,Customer_74,Corporate,Ohio_City1,Ohio,Central,Furniture,Chairs,Executive Chair,296.07,2,0.2,473.71,29.65
ORD-00554,2021-02-11,Standard Class,CUST-0227,Customer_227,Home Office,Florida_City1,Florida,East,Furniture,Furnishings,Rug,979.52,8,0.3,5485.31,444.06
ORD-00765,2021-02-12,Standard Class,CUST-0146,Customer_146,Consumer,Florida_City1,Florida,East,Office Supplies,Binders,Portfolio,178.02,3,0.3,373.84,38.8
ORD-00165,2021-02-13,Standard Class,CUST-0101,Customer_101,Consumer,Florida_City4,Florida,East,Technology,Phones,Google Pixel,1121.97,3,0.3,2356.14,563.98
ORD-00953,2021-02-14,Standard Class,CUST-0182,Customer_182,Consumer,Tennessee_City5,Tennessee,South,Technology,Accessories,Webcam HD,1437.04,6,0.05,8191.13,1882.28
ORD-00360,2021-02-18,Standard Class,CUST-0129,Customer_129,Consumer,Virginia_City4,Virginia,East,Furniture,Furnishings,Lamp Set,393.55,3,0.0,1180.65,117.61
ORD-00342,2021-02-20,Standard Class,CUST-0196,Customer_196,Corporate,Arizona_City4,Arizona,West,Technology,Copiers,HP LaserJet,389.42,1,0.1,350.48,57.78
ORD-00435,2021-02-20,Standard Class,CUST-0090,Customer_90,Consumer,Virginia_City5,Virginia,East,Technology,Accessories,Webcam HD,486.21,2,0.0,972.42,148.76
ORD-00002,2021-02-21,Standard Class,CUST-0271,Customer_271,Consumer,Oregon_City2,Oregon,West,Office Supplies,Labels,Name Badge,199.41,3,0.3,418.76,78.21
ORD-00569,2021-02-22,Standard Class,CUST-0008,Customer_8,Consumer,New Jersey_City2,New Jersey,East,Technology,Phones,Nokia G50,746.18,1,0.0,746.18,180.02
ORD-00762,2021-02-22,First Class,CUST-0067,Customer_67,Consumer,California_City1,California,West,Office Supplies,Labels,Color Dot Labels,133.73,3,0.0,401.19,65.85
ORD-00016,2021-02-24,First Class,CUST-0294,Customer_294,Consumer,Georgia_City3,Georgia,South,Office Supplies,Paper,Recycled Paper,139.4,4,0.0,557.6,62.09
ORD-00523,2021-02-25,Standard Class,CUST-0182,Customer_182,Corporate,New York_City3,New York,East,Office Supplies,Envelopes,Business Envelope,107.31,7,0.0,751.17,116.03
ORD-00525,2021-02-25,Standard Class,CUST-0091,Customer_91,Consumer,New Jersey_City2,New Jersey,East,Office Supplies,Labels,Address Label,124.35,5,0.1,559.58,65.54
ORD-00371,2021-02-26,Standard Class,CUST-0237,Customer_237,Home Office,California_City3,California,West,Office Supplies,Art,Sketch Pad,77.92,3,0.15,198.7,35.07
ORD-00612,2021-02-28,Standard Class,CUST-0099,Customer_99,Home Office,Oregon_City2,Oregon,West,Furniture,Tables,Conference Table,555.26,7,0.0,3886.82,532.92
ORD-00815,2021-03-01,Standard Class,CUST-0225,Customer_225,Corporate,Louisiana_City4,Louisiana,South,Technology,Phones,Nokia G50,314.79,4,0.2,1007.33,168.9
ORD-00907,2021-03-01,Standard Class,CUST-0184,Customer_184,Consumer,Virginia_City2,Virginia,East,Furniture,Tables,Standing Desk,477.13,2,0.05,906.55,140.92
ORD-00515,2021-03-01,Second Class,CUST-0136,Customer_136,Consumer,Illinois_City3,Illinois,Central,Technology,Computers,Dell Laptop,308.27,4,0.0,1233.08,254.08
ORD-00011,2021-03-03,First Class,CUST-0100,Customer_100,Corporate,New Jersey_City5,New Jersey,East,Furniture,Chairs,Ergonomic Chair,967.42,1,0.0,967.42,102.58
ORD-00551,2021-03-05,Standard Class,CUST-0252,Customer_252,Corporate,New Jersey_City5,New Jersey,East,Furniture,Furnishings,Lamp Set,788.01,3,0.4,1418.42,140.87
ORD-00173,2021-03-06,Same Day,CUST-0054,Customer_54,Consumer,North Carolina_City2,North Carolina,South,Office Supplies,Art,Marker Set,155.33,4,0.3,434.92,56.48
ORD-00073,2021-03-07,First Class,CUST-0157,Customer_157,Corporate,Pennsylvania_City1,Pennsylvania,East,Technology,Copiers,Canon Copier,1688.34,9,0.2,12156.05,2509.01
ORD-00010,2021-03-07,Standard Class,CUST-0088,Customer_88,Consumer,California_City2,California,West,Furniture,Chairs,Executive Chair,1179.84,2,0.0,2359.68,346.41
ORD-00728,2021-03-08,Standard Class,CUST-0056,Customer_56,Consumer,North Carolina_City5,North Carolina,South,Technology,Accessories,Webcam HD,1239.12,8,0.0,9912.96,1707.91
ORD-00970,2021-03-10,Standard Class,CUST-0128,Customer_128,Home Office,Oregon_City4,Oregon,West,Technology,Copiers,HP LaserJet,508.93,9,0.0,4580.37,691.33
ORD-00322,2021-03-15,Standard Class,CUST-0215,Customer_215,Consumer,Oregon_City1,Oregon,West,Office Supplies,Storage,Shelf Rack,182.4,7,0.0,1276.8,134.47
ORD-00895,2021-03-15,Standard Class,CUST-0289,Customer_289,Consumer,Georgia_City4,Georgia,South,Technology,Phones,Samsung Galaxy,222.72,7,0.1,1403.14,222.05
ORD-00871,2021-03-17,Same Day,CUST-0179,Customer_179,Corporate,Alabama_City2,Alabama,South,Technology,Copiers,Xerox WorkCentre,873.63,5,0.0,4368.15,711.65
ORD-00789,2021-03-17,Standard Class,CUST-0152,Customer_152,Consumer,North Carolina_City1,North Carolina,South,Office Supplies,Storage,Storage Box,62.37,7,0.0,436.59,81.25
ORD-00376,2021-03-20,First Class,CUST-0278,Customer_278,Corporate,New Jersey_City1,New Jersey,East,Technology,Computers,MacBook Pro,251.57,6,0.0,1509.42,270.8
ORD-00351,2021-03-21,Standard Class,CUST-0145,Customer_145,Consumer,Louisiana_City3,Louisiana,South,Technology,Phones,iPhone 14,1694.03,3,0.1,4573.88,1169.92
ORD-00967,2021-03-22,Standard Class,CUST-0294,Customer_294,Consumer,Ohio_City2,Ohio,Central,Technology,Phones,Nokia G50,913.51,4,0.0,3654.04,874.74
ORD-00330,2021-03-23,Second Class,CUST-0058,Customer_58,Corporate,Missouri_City3,Missouri,Central,Furniture,Bookcases,Oak Bookcase,439.9,3,0.0,1319.7,213.48
ORD-00256,2021-03-23,First Class,CUST-0038,Customer_38,Consumer,New York_City5,New York,East,Furniture,Bookcases,5-Shelf Unit,631.33,6,0.15,3219.78,137.09
ORD-00758,2021-03-23,Second Class,CUST-0013,Customer_13,Consumer,Alabama_City3,Alabama,South,Technology,Accessories,Keyboard Wireless,1502.51,2,0.05,2854.77,516.43
ORD-00550,2021-03-24,Second Class,CUST-0203,Customer_203,Corporate,North Carolina_City5,North Carolina,South,Office Supplies,Binders,3-Ring Binder,9.68,4,0.0,38.72,5.12
ORD-00767,2021-03-24,First Class,CUST-0228,Customer_228,Corporate,Louisiana_City2,Louisiana,South,Technology,Accessories,Webcam HD,1217.81,4,0.0,4871.24,1091.84
ORD-00579,2021-03-26,Second Class,CUST-0228,Customer_228,Corporate,Virginia_City1,Virginia,East,Furniture,Furnishings,Rug,810.22,9,0.15,6198.18,682.64
ORD-00327,2021-03-27,Standard Class,CUST-0190,Customer_190,Consumer,California_City4,California,West,Technology,Copiers,Canon Copier,1066.17,6,0.2,5117.62,1203.89
ORD-00037,2021-03-30,Second Class,CUST-0274,Customer_274,Corporate,North Carolina_City4,North Carolina,South,Office Supplies,Storage,Shelf Rack,5.14,5,0.0,25.7,3.3
ORD-00864,2021-03-31,Standard Class,CUST-0042,Customer_42,Consumer,Illinois_City4,Illinois,Central,Office Supplies,Binders,Portfolio,15.29,8,0.1,110.09,21.02
ORD-00310,2021-04-01,Standard Class,CUST-0170,Customer_170,Consumer,Alabama_City5,Alabama,South,Furniture,Tables,Round Table,266.88,8,0.0,2135.04,261.49
ORD-00387,2021-04-01,Standard Class,CUST-0094,Customer_94,Consumer,Virginia_City4,Virginia,East,Office Supplies,Paper,Cardstock,174.09,7,0.0,1218.63,272.79
ORD-00675,2021-04-04,Same Day,CUST-0126,Customer_126,Corporate,Oregon_City5,Oregon,West,Technology,Computers,MacBook Pro,741.98,9,0.15,5676.15,911.94
ORD-00046,2021-04-04,Standard Class,CUST-0206,Customer_206,Home Office,Pennsylvania_City4,Pennsylvania,East,Furniture,Furnishings,Wall Art,824.12,7,0.15,4903.51,604.8
ORD-00436,2021-04-05,Same Day,CUST-0115,Customer_115,Consumer,New Jersey_City1,New Jersey,East,Technology,Phones,Nokia G50,1144.5,1,0.0,1144.5,288.27
ORD-00908,2021-04-05,Second Class,CUST-0015,Customer_15,Consumer,Nevada_City5,Nevada,West,Technology,Copiers,Canon Copier,335.04,2,0.4,402.05,70.16
ORD-00097,2021-04-07,Standard Class,CUST-0172,Customer_172,Consumer,Oregon_City4,Oregon,West,Technology,Accessories,Keyboard Wireless,598.02,5,0.2,2392.08,499.33
ORD-00957,2021-04-11,Second Class,CUST-0137,Customer_137,Consumer,Florida_City4,Florida,East,Technology,Computers,MacBook Pro,511.88,7,0.1,3224.84,819.54
ORD-00241,2021-04-13,Second Class,CUST-0163,Customer_163,Consumer,Illinois_City4,Illinois,Central,Technology,Accessories,USB Hub,287.26,2,0.0,574.52,118.58
ORD-00455,2021-04-13,Standard Class,CUST-0037,Customer_37,Consumer,North Carolina_City4,North Carolina,South,Furniture,Furnishings,Curtains,518.67,9,0.0,4668.03,675.56
ORD-00531,2021-04-13,Same Day,CUST-0141,Customer_141,Corporate,Washington_City2,Washington,West,Office Supplies,Binders,Clip Binder,139.29,9,0.0,1253.61,194.58
ORD-00213,2021-04-14,Standard Class,CUST-0144,Customer_144,Consumer,North Carolina_City1,North Carolina,South,Furniture,Furnishings,Lamp Set,315.71,8,0.15,2146.83,116.44
ORD-00306,2021-04-15,Same Day,CUST-0299,Customer_299,Consumer,New York_City3,New York,East,Furniture,Tables,Conference Table,996.34,1,0.0,996.34,54.36
ORD-00688,2021-04-16,Standard Class,CUST-0195,Customer_195,Consumer,Michigan_City3,Michigan,Central,Office Supplies,Art,Whiteboard,125.18,2,0.15,212.81,46.13
ORD-00807,2021-04-16,Second Class,CUST-0203,Customer_203,Consumer,Texas_City5,Texas,Central,Technology,Copiers,Xerox WorkCentre,501.16,4,0.0,2004.64,410.23
ORD-00546,2021-04-17,Second Class,CUST-0173,Customer_173,Consumer,New York_City2,New York,East,Office Supplies,Art,Color Pencils,123.83,8,0.3,693.45,113.17
ORD-00696,2021-04-20,Second Class,CUST-0005,Customer_5,Consumer,New Jersey_City5,New Jersey,East,Technology,Computers,Dell Laptop,945.11,2,0.3,1323.15,336.13
ORD-00194,2021-04-21,First Class,CUST-0097,Customer_97,Home Office,Michigan_City1,Michigan,Central,Technology,Phones,Nokia G50,912.99,2,0.1,1643.38,275.9
ORD-00801,2021-04-22,Second Class,CUST-0004,Customer_4,Consumer,New Jersey_City4,New Jersey,East,Technology,Accessories,Webcam HD,709.0,5,0.1,3190.5,699.55
ORD-00676,2021-04-22,First Class,CUST-0235,Customer_235,Consumer,Louisiana_City5,Louisiana,South,Technology,Accessories,Keyboard Wireless,909.84,5,0.2,3639.36,757.58
ORD-00910,2021-04-25,Standard Class,CUST-0136,Customer_136,Home Office,New York_City5,New York,East,Office Supplies,Paper,Glossy Paper,187.12,7,0.0,1309.84,212.38
ORD-00071,2021-04-25,Standard Class,CUST-0188,Customer_188,Consumer,New York_City2,New York,East,Office Supplies,Paper,Recycled Paper,123.16,7,0.0,862.12,117.62
ORD-00246,2021-04-27,Standard Class,CUST-0289,Customer_289,Corporate,Tennessee_City4,Tennessee,South,Office Supplies,Envelopes,Bubble Wrap,7.68,9,0.0,69.12,9.34
ORD-00240,2021-04-28,Standard Class,CUST-0194,Customer_194,Consumer,New York_City3,New York,East,Office Supplies,Labels,Sticky Notes,26.91,9,0.1,217.97,25.85
ORD-00138,2021-04-29,Second Class,CUST-0044,Customer_44,Consumer,Nevada_City1,Nevada,West,Office Supplies,Paper,Recycled Paper,63.57,4,0.0,254.28,38.24
ORD-00237,2021-04-30,First Class,CUST-0112,Customer_112,Consumer,Arizona_City1,Arizona,West,Technology,Phones,Nokia G50,798.11,9,0.0,7182.99,1033.51
ORD-00170,2021-05-01,Standard Class,CUST-0002,Customer_2,Corporate,Michigan_City3,Michigan,Central,Technology,Phones,Nokia G50,1122.05,9,0.1,9088.6,1554.64
ORD-00223,2021-05-01,Second Class,CUST-0099,Customer_99,Consumer,New York_City3,New York,East,Furniture,Bookcases,Metal Shelf,565.89,1,0.3,396.12,60.79
ORD-00744,2021-05-03,Standard Class,CUST-0227,Customer_227,Corporate,North Carolina_City1,North Carolina,South,Office Supplies,Art,Color Pencils,51.05,4,0.15,173.57,31.43
ORD-00712,2021-05-04,Second Class,CUST-0121,Customer_121,Corporate,North Carolina_City2,North Carolina,South,Furniture,Furnishings,Wall Art,831.7,9,0.2,5988.24,933.9
ORD-00196,2021-05-05,Standard Class,CUST-0124,Customer_124,Consumer,Georgia_City5,Georgia,South,Furniture,Chairs,Ergonomic Chair,655.2,8,0.15,4455.36,690.19
ORD-00238,2021-05-05,Standard Class,CUST-0099,Customer_99,Home Office,Arizona_City4,Arizona,West,Office Supplies,Paper,Recycled Paper,152.76,4,0.0,611.04,72.62
ORD-00497,2021-05-08,First Class,CUST-0146,Customer_146,Corporate,Washington_City4,Washington,West,Office Supplies,Art,Whiteboard,63.2,5,0.3,221.2,45.53
ORD-00102,2021-05-11,Standard Class,CUST-0131,Customer_131,Consumer,California_City2,California,West,Office Supplies,Envelopes,Bubble Wrap,25.58,1,0.15,21.74,4.51
ORD-00163,2021-05-12,Standard Class,CUST-0295,Customer_295,Consumer,Oregon_City3,Oregon,West,Furniture,Tables,Folding Table,1008.28,9,0.05,8620.79,1075.69
ORD-00491,2021-05-12,Standard Class,CUST-0122,Customer_122,Corporate,Michigan_City3,Michigan,Central,Office Supplies,Art,Sketch Pad,33.91,1,0.3,23.74,2.64
ORD-00692,2021-05-14,Second Class,CUST-0061,Customer_61,Corporate,Washington_City4,Washington,West,Technology,Phones,Google Pixel,1273.39,6,0.0,7640.34,1094.27
ORD-00077,2021-05-16,First Class,CUST-0129,Customer_129,Consumer,Ohio_City4,Ohio,Central,Furniture,Furnishings,Lamp Set,187.95,1,0.0,187.95,18.91
ORD-00172,2021-05-19,Standard Class,CUST-0220,Customer_220,Consumer,Virginia_City2,Virginia,East,Office Supplies,Binders,3-Ring Binder,15.9,9,0.0,143.1,28.83
ORD-00251,2021-05-20,Standard Class,CUST-0033,Customer_33,Consumer,Michigan_City5,Michigan,Central,Furniture,Chairs,Guest Chair,329.91,2,0.0,659.82,35.67
ORD-00281,2021-05-21,Standard Class,CUST-0280,Customer_280,Home Office,Nevada_City2,Nevada,West,Furniture,Bookcases,Oak Bookcase,1174.27,2,0.05,2231.11,247.36
ORD-00896,2021-05-21,Second Class,CUST-0254,Customer_254,Corporate,Oregon_City1,Oregon,West,Office Supplies,Storage,Shelf Rack,26.75,8,0.0,214.0,46.89
ORD-00250,2021-05-21,Same Day,CUST-0128,Customer_128,Corporate,Arizona_City1,Arizona,West,Office Supplies,Binders,3-Ring Binder,9.44,7,0.0,66.08,10.22
ORD-00549,2021-05-21,Standard Class,CUST-0213,Customer_213,Consumer,Washington_City5,Washington,West,Office Supplies,Storage,Filing Cabinet,5.31,4,0.4,12.74,2.77
ORD-00584,2021-05-22,Standard Class,CUST-0220,Customer_220,Corporate,Georgia_City3,Georgia,South,Furniture,Chairs,Mesh Chair,468.62,2,0.0,937.24,121.37
ORD-00143,2021-05-22,Standard Class,CUST-0225,Customer_225,Corporate,Arizona_City4,Arizona,West,Furniture,Tables,Round Table,858.69,4,0.1,3091.28,453.42
ORD-00841,2021-05-23,Standard Class,CUST-0094,Customer_94,Consumer,Florida_City5,Florida,East,Technology,Computers,Lenovo ThinkPad,787.15,3,0.0,2361.45,498.46
ORD-00365,2021-05-23,Standard Class,CUST-0290,Customer_290,Home Office,Arizona_City2,Arizona,West,Office Supplies,Labels,Color Dot Labels,75.06,7,0.0,525.42,100.93
ORD-00045,2021-05-23,Standard Class,CUST-0035,Customer_35,Corporate,Virginia_City4,Virginia,East,Furniture,Tables,Conference Table,893.1,4,0.05,3393.78,164.41
ORD-00394,2021-05-24,Second Class,CUST-0254,Customer_254,Home Office,New York_City4,New York,East,Furniture,Tables,Standing Desk,908.86,5,0.0,4544.3,197.6
ORD-00169,2021-05-26,Standard Class,CUST-0113,Customer_113,Consumer,Texas_City3,Texas,Central,Technology,Phones,iPhone 14,1369.26,4,0.0,5477.04,1221.12
ORD-00733,2021-05-26,First Class,CUST-0216,Customer_216,Consumer,Pennsylvania_City4,Pennsylvania,East,Furniture,Tables,Round Table,782.96,6,0.1,4227.98,449.3
ORD-00175,2021-05-26,First Class,CUST-0225,Customer_225,Corporate,Texas_City4,Texas,Central,Technology,Copiers,Xerox WorkCentre,1507.43,2,0.0,3014.86,705.67
ORD-00743,2021-05-27,Standard Class,CUST-0294,Customer_294,Consumer,Washington_City1,Washington,West,Office Supplies,Binders,Clip Binder,111.18,9,0.0,1000.62,189.22
ORD-00061,2021-05-27,Same Day,CUST-0252,Customer_252,Home Office,Texas_City5,Texas,Central,Furniture,Bookcases,Metal Shelf,322.29,3,0.2,773.5,112.29
ORD-00271,2021-05-29,Standard Class,CUST-0049,Customer_49,Corporate,Illinois_City4,Illinois,Central,Furniture,Chairs,Ergonomic Chair,527.51,6,0.0,3165.06,483.45
ORD-00439,2021-05-30,First Class,CUST-0114,Customer_114,Corporate,Pennsylvania_City1,Pennsylvania,East,Office Supplies,Envelopes,Business Envelope,93.66,7,0.3,458.93,81.59
ORD-00275,2021-05-31,First Class,CUST-0158,Customer_158,Corporate,Ohio_City2,Ohio,Central,Office Supplies,Storage,Storage Box,173.54,4,0.1,624.74,104.72
ORD-00695,2021-06-01,Standard Class,CUST-0277,Customer_277,Consumer,Nevada_City4,Nevada,West,Furniture,Furnishings,Lamp Set,931.32,6,0.3,3911.54,161.21
ORD-00936,2021-06-01,Standard Class,CUST-0104,Customer_104,Consumer,North Carolina_City2,North Carolina,South,Technology,Accessories,Webcam HD,1683.56,6,0.0,10101.36,1830.81
ORD-00721,2021-06-03,Same Day,CUST-0257,Customer_257,Consumer,Oregon_City1,Oregon,West,Technology,Computers,HP Spectre,1428.71,6,0.3,6000.58,861.87
ORD-00884,2021-06-03,Second Class,CUST-0067,Customer_67,Corporate,Florida_City1,Florida,East,Technology,Computers,Dell Laptop,1784.58,1,0.05,1695.35,449.59
ORD-00210,2021-06-04,Same Day,CUST-0099,Customer_99,Corporate,Missouri_City1,Missouri,Central,Furniture,Furnishings,Rug,715.23,5,0.1,3218.54,454.82
ORD-00991,2021-06-04,Standard Class,CUST-0189,Customer_189,Home Office,Illinois_City4,Illinois,Central,Furniture,Chairs,Ergonomic Chair,802.66,2,0.3,1123.72,83.25
ORD-00320,2021-06-04,Standard Class,CUST-0092,Customer_92,Consumer,Georgia_City5,Georgia,South,Office Supplies,Envelopes,Padded Mailer,34.79,9,0.2,250.49,27.03
ORD-00574,2021-06-05,Standard Class,CUST-0186,Customer_186,Home Office,Pennsylvania_City4,Pennsylvania,East,Furniture,Bookcases,5-Shelf Unit,463.57,2,0.0,927.14,94.26
ORD-00478,2021-06-08,Standard Class,CUST-0069,Customer_69,Consumer,Alabama_City5,Alabama,South,Furniture,Bookcases,Metal Shelf,1070.97,7,0.0,7496.79,400.81
ORD-00041,2021-06-11,Standard Class,CUST-0265,Customer_265,Consumer,Missouri_City3,Missouri,Central,Furniture,Tables,Round Table,120.59,7,0.0,844.13,38.8
ORD-00922,2021-06-11,Standard Class,CUST-0283,Customer_283,Corporate,Florida_City5,Florida,East,Office Supplies,Envelopes,Business Envelope,152.32,5,0.4,456.96,60.64
ORD-00140,2021-06-11,Standard Class,CUST-0128,Customer_128,Consumer,Louisiana_City1,Louisiana,South,Office Supplies,Storage,Shelf Rack,171.87,5,0.2,687.48,156.72
ORD-00049,2021-06-13,Standard Class,CUST-0002,Customer_2,Corporate,North Carolina_City3,North Carolina,South,Technology,Computers,HP Spectre,1038.51,8,0.05,7892.68,1482.28
ORD-00889,2021-06-14,Standard Class,CUST-0157,Customer_157,Consumer,Alabama_City3,Alabama,South,Office Supplies,Binders,Clip Binder,103.59,2,0.3,145.03,20.94
ORD-00248,2021-06-14,Standard Class,CUST-0135,Customer_135,Consumer,Florida_City4,Florida,East,Office Supplies,Labels,Color Dot Labels,26.7,2,0.15,45.39,8.98
ORD-00757,2021-06-14,Second Class,CUST-0145,Customer_145,Corporate,Virginia_City4,Virginia,East,Office Supplies,Art,Whiteboard,26.21,2,0.0,52.42,7.56
ORD-00484,2021-06-15,Standard Class,CUST-0057,Customer_57,Consumer,Pennsylvania_City1,Pennsylvania,East,Furniture,Chairs,Executive Chair,760.11,8,0.15,5168.75,295.76
ORD-00717,2021-06-16,Second Class,CUST-0048,Customer_48,Consumer,Arizona_City3,Arizona,West,Technology,Accessories,USB Hub,960.53,3,0.0,2881.59,740.72
ORD-00257,2021-06-17,Standard Class,CUST-0230,Customer_230,Corporate,Oregon_City4,Oregon,West,Office Supplies,Storage,Shelf Rack,147.34,2,0.4,176.81,39.75
ORD-00543,2021-06-17,Standard Class,CUST-0044,Customer_44,Corporate,Florida_City1,Florida,East,Office Supplies,Art,Whiteboard,128.21,6,0.5,384.63,73.97
ORD-00526,2021-06-21,Standard Class,CUST-0202,Customer_202,Corporate,Virginia_City5,Virginia,East,Technology,Phones,Nokia G50,374.88,7,0.0,2624.16,494.29
ORD-00425,2021-06-23,Standard Class,CUST-0285,Customer_285,Consumer,Tennessee_City4,Tennessee,South,Furniture,Tables,Conference Table,1012.88,6,0.0,6077.28,804.16
ORD-00700,2021-06-24,Same Day,CUST-0001,Customer_1,Corporate,Nevada_City5,Nevada,West,Technology,Computers,Lenovo ThinkPad,949.24,5,0.15,4034.27,715.06
ORD-00141,2021-06-25,Standard Class,CUST-0231,Customer_231,Corporate,Virginia_City2,Virginia,East,Office Supplies,Envelopes,Kraft Envelope,9.23,5,0.0,46.15,7.69
ORD-00626,2021-06-25,First Class,CUST-0051,Customer_51,Consumer,Virginia_City4,Virginia,East,Furniture,Furnishings,Rug,650.06,6,0.15,3315.31,413.69
ORD-00605,2021-06-27,Standard Class,CUST-0282,Customer_282,Corporate,Texas_City4,Texas,Central,Technology,Phones,Samsung Galaxy,823.31,2,0.3,1152.63,197.73
ORD-00008,2021-06-28,Standard Class,CUST-0122,Customer_122,Corporate,Pennsylvania_City2,Pennsylvania,East,Furniture,Furnishings,Curtains,238.41,1,0.0,238.41,11.75
ORD-00791,2021-06-30,Standard Class,CUST-0247,Customer_247,Home Office,Pennsylvania_City2,Pennsylvania,East,Furniture,Furnishings,Curtains,703.77,2,0.4,844.52,107.76
ORD-00996,2021-07-04,Standard Class,CUST-0215,Customer_215,Corporate,Georgia_City3,Georgia,South,Technology,Copiers,HP LaserJet,1431.81,2,0.0,2863.62,538.59
ORD-00973,2021-07-04,Second Class,CUST-0182,Customer_182,Consumer,Nevada_City3,Nevada,West,Office Supplies,Binders,Clip Binder,188.01,6,0.0,1128.06,147.01
ORD-00900,2021-07-05,Standard Class,CUST-0005,Customer_5,Consumer,Virginia_City4,Virginia,East,Furniture,Furnishings,Lamp Set,591.32,8,0.1,4257.5,498.51
ORD-00776,2021-07-06,Second Class,CUST-0006,Customer_6,Consumer,Alabama_City2,Alabama,South,Technology,Accessories,Logitech Mouse,706.56,8,0.15,4804.61,740.51
ORD-00096,2021-07-06,Second Class,CUST-0099,Customer_99,Corporate,Pennsylvania_City2,Pennsylvania,East,Technology,Phones,Google Pixel,1041.91,3,0.15,2656.87,491.53
ORD-00763,2021-07-07,Second Class,CUST-0233,Customer_233,Consumer,New York_City1,New York,East,Furniture,Furnishings,Rug,199.59,9,0.2,1437.05,171.18
ORD-00307,2021-07-09,Second Class,CUST-0246,Customer_246,Corporate,Virginia_City2,Virginia,East,Technology,Phones,iPhone 14,247.15,3,0.0,741.45,189.5
ORD-00031,2021-07-09,Standard Class,CUST-0055,Customer_55,Home Office,Florida_City2,Florida,East,Office Supplies,Art,Marker Set,113.13,7,0.5,395.96,61.49
ORD-00821,2021-07-10,Standard Class,CUST-0090,Customer_90,Corporate,California_City1,California,West,Office Supplies,Art,Marker Set,21.51,8,0.1,154.87,27.53
ORD-00635,2021-07-10,Standard Class,CUST-0154,Customer_154,Corporate,Virginia_City4,Virginia,East,Technology,Phones,Samsung Galaxy,1700.84,3,0.0,5102.52,1233.74
ORD-00012,2021-07-11,Second Class,CUST-0152,Customer_152,Consumer,Missouri_City3,Missouri,Central,Technology,Phones,Nokia G50,1410.72,3,0.3,2962.51,744.47
ORD-00429,2021-07-11,Standard Class,CUST-0242,Customer_242,Home Office,Tennessee_City3,Tennessee,South,Furniture,Bookcases,Oak Bookcase,956.6,6,0.1,5165.64,779.39
ORD-00215,2021-07-11,Standard Class,CUST-0060,Customer_60,Home Office,Ohio_City2,Ohio,Central,Furniture,Tables,Round Table,909.23,3,0.05,2591.31,127.95
ORD-00187,2021-07-13,Standard Class,CUST-0255,Customer_255,Corporate,Virginia_City1,Virginia,East,Furniture,Bookcases,Metal Shelf,693.92,3,0.15,1769.5,223.92
ORD-00188,2021-07-18,Same Day,CUST-0294,Customer_294,Corporate,Tennessee_City5,Tennessee,South,Office Supplies,Binders,Portfolio,34.17,9,0.05,292.15,36.62
ORD-00033,2021-07-18,Second Class,CUST-0131,Customer_131,Corporate,Ohio_City3,Ohio,Central,Technology,Phones,Nokia G50,448.04,3,0.15,1142.5,168.87
ORD-00966,2021-07-18,First Class,CUST-0075,Customer_75,Consumer,New Jersey_City4,New Jersey,East,Office Supplies,Paper,Recycled Paper,25.26,4,0.0,101.04,12.43
ORD-00212,2021-07-20,Same Day,CUST-0252,Customer_252,Consumer,New York_City4,New York,East,Office Supplies,Envelopes,Kraft Envelope,132.19,2,0.15,224.72,37.53
ORD-00195,2021-07-21,Second Class,CUST-0201,Customer_201,Consumer,Washington_City1,Washington,West,Furniture,Furnishings,Curtains,754.65,2,0.05,1433.83,153.34
ORD-00902,2021-07-21,Standard Class,CUST-0118,Customer_118,Consumer,New York_City3,New York,East,Office Supplies,Paper,Glossy Paper,55.94,4,0.2,179.01,25.87
ORD-00713,2021-07-23,Second Class,CUST-0214,Customer_214,Corporate,New York_City5,New York,East,Office Supplies,Labels,Color Dot Labels,158.81,1,0.0,158.81,31.35
ORD-00877,2021-07-24,Second Class,CUST-0145,Customer_145,Corporate,Illinois_City3,Illinois,Central,Furniture,Bookcases,5-Shelf Unit,924.37,1,0.0,924.37,134.08
ORD-00274,2021-07-24,Second Class,CUST-0220,Customer_220,Consumer,North Carolina_City3,North Carolina,South,Technology,Copiers,Canon Copier,1256.16,6,0.3,5275.87,1362.26
ORD-00875,2021-07-25,Standard Class,CUST-0143,Customer_143,Consumer,New Jersey_City2,New Jersey,East,Technology,Phones,iPhone 14,256.52,5,0.0,1282.6,278.63
ORD-00664,2021-07-25,Standard Class,CUST-0081,Customer_81,Corporate,Oregon_City4,Oregon,West,Furniture,Furnishings,Curtains,785.24,7,0.2,4397.34,681.39
ORD-00903,2021-07-25,Standard Class,CUST-0294,Customer_294,Consumer,California_City1,California,West,Furniture,Bookcases,5-Shelf Unit,870.85,1,0.0,870.85,137.82
ORD-00051,2021-07-26,Standard Class,CUST-0106,Customer_106,Home Office,Texas_City3,Texas,Central,Office Supplies,Envelopes,Padded Mailer,112.54,5,0.0,562.7,122.79
ORD-00576,2021-07-28,First Class,CUST-0028,Customer_28,Consumer,Alabama_City4,Alabama,South,Technology,Copiers,Brother Printer,1275.96,1,0.2,1020.77,202.48
ORD-00007,2021-07-29,Standard Class,CUST-0103,Customer_103,Corporate,California_City1,California,West,Technology,Computers,Dell Laptop,1466.35,8,0.3,8211.56,1692.21
ORD-00030,2021-07-29,Standard Class,CUST-0051,Customer_51,Corporate,Washington_City3,Washington,West,Technology,Computers,HP Spectre,1663.16,3,0.15,4241.06,646.34
ORD-00334,2021-07-30,Standard Class,CUST-0054,Customer_54,Consumer,Oregon_City4,Oregon,West,Office Supplies,Binders,Clip Binder,199.16,5,0.0,995.8,213.15
ORD-00680,2021-07-30,Second Class,CUST-0249,Customer_249,Corporate,New York_City4,New York,East,Technology,Copiers,Xerox WorkCentre,369.48,1,0.15,314.06,64.72
ORD-00291,2021-08-01,Second Class,CUST-0128,Customer_128,Corporate,Michigan_City1,Michigan,Central,Office Supplies,Storage,Drawer Organizer,53.24,6,0.0,319.44,36.37
ORD-00782,2021-08-03,Same Day,CUST-0150,Customer_150,Home Office,Washington_City1,Washington,West,Office Supplies,Envelopes,Bubble Wrap,196.6,7,0.1,1238.58,178.4
ORD-00590,2021-08-05,Standard Class,CUST-0256,Customer_256,Home Office,New Jersey_City4,New Jersey,East,Furniture,Tables,Conference Table,897.46,8,0.4,4307.81,540.78
ORD-00122,2021-08-06,Standard Class,CUST-0029,Customer_29,Home Office,Alabama_City3,Alabama,South,Technology,Computers,Dell Laptop,1361.39,1,0.1,1225.25,308.94
ORD-00947,2021-08-07,Standard Class,CUST-0297,Customer_297,Consumer,New Jersey_City4,New Jersey,East,Technology,Accessories,Webcam HD,1573.37,9,0.1,12744.3,2343.82
ORD-00449,2021-08-07,Second Class,CUST-0036,Customer_36,Consumer,Washington_City5,Washington,West,Furniture,Bookcases,Oak Bookcase,676.2,4,0.15,2299.08,384.1
ORD-00295,2021-08-08,Standard Class,CUST-0054,Customer_54,Consumer,Alabama_City5,Alabama,South,Furniture,Tables,Folding Table,272.71,1,0.2,218.17,29.44
ORD-00349,2021-08-10,Standard Class,CUST-0158,Customer_158,Consumer,New Jersey_City3,New Jersey,East,Office Supplies,Art,Marker Set,85.19,7,0.1,536.7,103.32
ORD-00568,2021-08-10,Same Day,CUST-0156,Customer_156,Corporate,Arizona_City3,Arizona,West,Technology,Accessories,Keyboard Wireless,1297.34,5,0.0,6486.7,1621.08
ORD-00377,2021-08-11,Standard Class,CUST-0247,Customer_247,Corporate,Arizona_City4,Arizona,West,Technology,Phones,Samsung Galaxy,1423.26,4,0.3,3985.13,639.82
ORD-00199,2021-08-12,Standard Class,CUST-0148,Customer_148,Consumer,Ohio_City5,Ohio,Central,Furniture,Bookcases,Metal Shelf,533.75,5,0.1,2401.88,223.25
ORD-00098,2021-08-13,Standard Class,CUST-0214,Customer_214,Corporate,Texas_City2,Texas,Central,Technology,Computers,Dell Laptop,1200.52,5,0.15,5102.21,768.69
ORD-00112,2021-08-17,Second Class,CUST-0063,Customer_63,Corporate,Pennsylvania_City4,Pennsylvania,East,Furniture,Chairs,Ergonomic Chair,273.99,6,0.1,1479.55,97.81
ORD-00001,2021-08-17,Same Day,CUST-0103,Customer_103,Corporate,Michigan_City4,Michigan,Central,Office Supplies,Storage,Storage Box,186.52,3,0.2,447.65,80.68
ORD-00319,2021-08-18,Standard Class,CUST-0143,Customer_143,Consumer,Missouri_City4,Missouri,Central,Furniture,Chairs,Executive Chair,364.4,5,0.05,1730.9,186.58
ORD-00134,2021-08-18,First Class,CUST-0134,Customer_134,Consumer,Missouri_City4,Missouri,Central,Furniture,Chairs,Executive Chair,755.34,4,0.0,3021.36,150.05
ORD-00823,2021-08-21,Standard Class,CUST-0038,Customer_38,Consumer,Ohio_City3,Ohio,Central,Furniture,Bookcases,Metal Shelf,557.44,8,0.3,3121.66,229.21
ORD-00691,2021-08-22,Standard Class,CUST-0160,Customer_160,Consumer,Texas_City2,Texas,Central,Technology,Computers,MacBook Pro,1340.64,9,0.15,10255.9,2682.82
ORD-00559,2021-08-23,Standard Class,CUST-0014,Customer_14,Consumer,Georgia_City3,Georgia,South,Office Supplies,Paper,Glossy Paper,129.31,9,0.2,931.03,143.93
ORD-00109,2021-08-23,Standard Class,CUST-0015,Customer_15,Home Office,Texas_City1,Texas,Central,Technology,Accessories,Keyboard Wireless,488.63,2,0.05,928.4,151.97
ORD-00565,2021-08-23,Second Class,CUST-0012,Customer_12,Consumer,New York_City4,New York,East,Technology,Copiers,Xerox WorkCentre,1010.7,6,0.15,5154.57,1163.69
ORD-00989,2021-08-24,Standard Class,CUST-0118,Customer_118,Consumer,Florida_City4,Florida,East,Technology,Phones,Samsung Galaxy,947.13,6,0.0,5682.78,1089.53
ORD-00738,2021-08-24,Second Class,CUST-0003,Customer_3,Corporate,New York_City1,New York,East,Office Supplies,Storage,Shelf Rack,163.71,9,0.05,1399.72,148.6
ORD-00372,2021-08-25,Second Class,CUST-0272,Customer_272,Corporate,Ohio_City3,Ohio,Central,Technology,Accessories,Keyboard Wireless,1563.41,7,0.1,9849.48,2220.44
ORD-00294,2021-08-25,First Class,CUST-0223,Customer_223,Consumer,Texas_City2,Texas,Central,Office Supplies,Labels,Sticky Notes,81.71,7,0.15,486.17,84.9
ORD-00383,2021-08-25,Standard Class,CUST-0285,Customer_285,Corporate,Texas_City5,Texas,Central,Furniture,Furnishings,Wall Art,933.55,8,0.1,6721.56,915.47
ORD-00795,2021-08-26,Standard Class,CUST-0229,Customer_229,Consumer,Oregon_City1,Oregon,West,Office Supplies,Binders,3-Ring Binder,75.05,6,0.4,270.18,30.48
ORD-00825,2021-08-29,Standard Class,CUST-0139,Customer_139,Consumer,New Jersey_City2,New Jersey,East,Technology,Accessories,Logitech Mouse,1462.29,4,0.2,4679.33,749.89
ORD-00702,2021-08-31,Second Class,CUST-0233,Customer_233,Consumer,Tennessee_City4,Tennessee,South,Technology,Computers,HP Spectre,1295.16,1,0.0,1295.16,303.73
ORD-00656,2021-09-02,First Class,CUST-0098,Customer_98,Corporate,Nevada_City5,Nevada,West,Technology,Copiers,Canon Copier,508.07,3,0.4,914.53,232.23
ORD-00254,2021-09-03,Standard Class,CUST-0238,Customer_238,Home Office,Washington_City1,Washington,West,Technology,Computers,MacBook Pro,1037.23,4,0.15,3526.58,689.16
ORD-00653,2021-09-05,First Class,CUST-0252,Customer_252,Consumer,Texas_City2,Texas,Central,Office Supplies,Binders,Clip Binder,65.87,1,0.0,65.87,13.2
ORD-00578,2021-09-05,Standard Class,CUST-0041,Customer_41,Consumer,Arizona_City3,Arizona,West,Office Supplies,Storage,Filing Cabinet,160.46,4,0.4,385.1,82.87
ORD-00160,2021-09-05,Same Day,CUST-0113,Customer_113,Corporate,Nevada_City1,Nevada,West,Office Supplies,Envelopes,Bubble Wrap,146.1,4,0.1,525.96,55.99
ORD-00814,2021-09-06,Standard Class,CUST-0212,Customer_212,Corporate,Missouri_City3,Missouri,Central,Office Supplies,Storage,Drawer Organizer,31.18,6,0.0,187.08,22.42
ORD-00457,2021-09-06,First Class,CUST-0183,Customer_183,Corporate,Oregon_City1,Oregon,West,Technology,Accessories,Keyboard Wireless,1659.6,8,0.0,13276.8,2540.38
ORD-01000,2021-09-11,Standard Class,CUST-0285,Customer_285,Corporate,Washington_City1,Washington,West,Office Supplies,Binders,Clip Binder,156.54,6,0.4,563.54,83.59
ORD-00749,2021-09-12,First Class,CUST-0202,Customer_202,Corporate,Washington_City4,Washington,West,Office Supplies,Paper,Glossy Paper,99.89,1,0.05,94.9,18.09
ORD-00397,2021-09-13,Standard Class,CUST-0250,Customer_250,Consumer,Arizona_City4,Arizona,West,Office Supplies,Paper,A4 Ream,124.24,9,0.15,950.44,136.27
ORD-00039,2021-09-13,Standard Class,CUST-0014,Customer_14,Home Office,California_City5,California,West,Office Supplies,Art,Marker Set,78.91,7,0.0,552.37,88.26
ORD-00145,2021-09-15,Standard Class,CUST-0121,Customer_121,Corporate,Nevada_City2,Nevada,West,Office Supplies,Paper,Cardstock,112.96,9,0.15,864.14,125.54
ORD-00557,2021-09-16,Second Class,CUST-0047,Customer_47,Consumer,North Carolina_City4,North Carolina,South,Office Supplies,Binders,Clip Binder,70.09,9,0.0,630.81,88.64
ORD-00678,2021-09-16,Second Class,CUST-0240,Customer_240,Consumer,Oregon_City5,Oregon,West,Furniture,Bookcases,5-Shelf Unit,617.81,5,0.0,3089.05,453.14
ORD-00872,2021-09-16,Standard Class,CUST-0125,Customer_125,Corporate,Illinois_City3,Illinois,Central,Technology,Copiers,HP LaserJet,1736.93,1,0.05,1650.08,306.94
ORD-00673,2021-09-17,Second Class,CUST-0053,Customer_53,Home Office,Michigan_City5,Michigan,Central,Technology,Phones,Google Pixel,313.99,4,0.0,1255.96,308.29
ORD-00405,2021-09-18,Standard Class,CUST-0147,Customer_147,Consumer,New Jersey_City2,New Jersey,East,Furniture,Bookcases,Metal Shelf,1009.71,1,0.4,605.83,58.69
ORD-00326,2021-09-19,Second Class,CUST-0063,Customer_63,Home Office,Pennsylvania_City3,Pennsylvania,East,Office Supplies,Paper,Cardstock,32.02,7,0.05,212.93,39.21
ORD-00521,2021-09-19,Standard Class,CUST-0252,Customer_252,Consumer,New York_City1,New York,East,Furniture,Bookcases,Metal Shelf,401.86,6,0.05,2290.6,369.53
ORD-00146,2021-09-20,Standard Class,CUST-0116,Customer_116,Consumer,California_City1,California,West,Furniture,Bookcases,5-Shelf Unit,711.96,6,0.0,4271.76,233.67
ORD-00313,2021-09-25,Second Class,CUST-0013,Customer_13,Consumer,Michigan_City3,Michigan,Central,Technology,Phones,Google Pixel,340.47,5,0.0,1702.35,444.81
ORD-00810,2021-09-26,Standard Class,CUST-0300,Customer_300,Corporate,Arizona_City4,Arizona,West,Office Supplies,Labels,Sticky Notes,168.79,3,0.15,430.41,64.59
ORD-00267,2021-09-26,Second Class,CUST-0147,Customer_147,Home Office,Nevada_City5,Nevada,West,Office Supplies,Paper,Cardstock,125.5,8,0.2,803.2,126.42
ORD-00972,2021-09-27,Second Class,CUST-0179,Customer_179,Home Office,Texas_City3,Texas,Central,Technology,Computers,Dell Laptop,347.11,4,0.0,1388.44,216.14
ORD-00181,2021-09-28,Standard Class,CUST-0160,Customer_160,Corporate,Nevada_City5,Nevada,West,Office Supplies,Paper,Cardstock,122.45,4,0.5,244.9,50.71
ORD-00979,2021-09-28,First Class,CUST-0177,Customer_177,Corporate,Oregon_City4,Oregon,West,Office Supplies,Binders,Presentation Folder,28.4,1,0.0,28.4,4.79
ORD-00279,2021-09-29,Standard Class,CUST-0233,Customer_233,Consumer,California_City5,California,West,Office Supplies,Paper,Glossy Paper,50.08,4,0.0,200.32,26.61
ORD-00459,2021-10-01,Standard Class,CUST-0279,Customer_279,Corporate,Arizona_City5,Arizona,West,Furniture,Tables,Standing Desk,825.48,3,0.0,2476.44,128.53
ORD-00292,2021-10-03,First Class,CUST-0018,Customer_18,Home Office,California_City4,California,West,Office Supplies,Paper,A4 Ream,108.24,1,0.1,97.42,18.19
ORD-00528,2021-10-05,Second Class,CUST-0039,Customer_39,Consumer,Michigan_City4,Michigan,Central,Furniture,Tables,Conference Table,791.88,3,0.1,2138.08,170.51
ORD-00840,2021-10-07,Standard Class,CUST-0038,Customer_38,Consumer,Washington_City4,Washington,West,Technology,Phones,iPhone 14,1073.87,8,0.15,7302.32,1378.35
ORD-00965,2021-10-08,Standard Class,CUST-0090,Customer_90,Corporate,Florida_City5,Florida,East,Office Supplies,Storage,Storage Box,24.05,8,0.1,173.16,37.8
ORD-00485,2021-10-11,Standard Class,CUST-0039,Customer_39,Consumer,Virginia_City3,Virginia,East,Office Supplies,Storage,Storage Box,52.72,6,0.05,300.5,30.57
ORD-00093,2021-10-11,Standard Class,CUST-0062,Customer_62,Consumer,Arizona_City2,Arizona,West,Technology,Phones,Nokia G50,1360.28,3,0.1,3672.76,550.08
ORD-00086,2021-10-13,Second Class,CUST-0041,Customer_41,Consumer,Illinois_City2,Illinois,Central,Furniture,Tables,Round Table,392.4,2,0.2,627.84,40.86
ORD-00006,2021-10-13,Standard Class,CUST-0021,Customer_21,Corporate,Oregon_City4,Oregon,West,Furniture,Bookcases,5-Shelf Unit,871.46,8,0.1,6274.51,707.3
ORD-00204,2021-10-15,Second Class,CUST-0128,Customer_128,Consumer,Michigan_City5,Michigan,Central,Office Supplies,Storage,Storage Box,82.84,4,0.1,298.22,38.39
ORD-00992,2021-10-16,Same Day,CUST-0049,Customer_49,Corporate,Georgia_City2,Georgia,South,Technology,Accessories,Keyboard Wireless,1676.31,4,0.2,5364.19,1132.25
ORD-00742,2021-10-19,Second Class,CUST-0274,Customer_274,Corporate,Virginia_City4,Virginia,East,Office Supplies,Labels,Sticky Notes,158.53,4,0.4,380.47,68.53
ORD-00084,2021-10-20,Standard Class,CUST-0261,Customer_261,Corporate,Missouri_City4,Missouri,Central,Furniture,Bookcases,Oak Bookcase,879.28,7,0.15,5231.72,860.27
ORD-00926,2021-10-21,Standard Class,CUST-0254,Customer_254,Consumer,Missouri_City3,Missouri,Central,Furniture,Chairs,Guest Chair,431.5,5,0.2,1726.0,254.12
ORD-00881,2021-10-23,Standard Class,CUST-0039,Customer_39,Consumer,Florida_City4,Florida,East,Technology,Phones,Nokia G50,957.06,4,0.0,3828.24,755.02
ORD-00836,2021-10-24,First Class,CUST-0084,Customer_84,Consumer,Tennessee_City5,Tennessee,South,Furniture,Chairs,Ergonomic Chair,1031.48,6,0.15,5260.55,598.24
ORD-00915,2021-10-26,First Class,CUST-0130,Customer_130,Home Office,North Carolina_City2,North Carolina,South,Furniture,Chairs,Guest Chair,361.74,6,0.2,1736.35,95.51
ORD-00434,2021-10-29,First Class,CUST-0093,Customer_93,Corporate,Texas_City2,Texas,Central,Technology,Phones,Samsung Galaxy,921.42,1,0.0,921.42,161.14
ORD-00447,2021-10-30,Second Class,CUST-0177,Customer_177,Corporate,Oregon_City1,Oregon,West,Office Supplies,Labels,Color Dot Labels,92.63,4,0.15,314.94,34.13
ORD-00324,2021-10-31,Second Class,CUST-0153,Customer_153,Consumer,North Carolina_City4,North Carolina,South,Office Supplies,Binders,Presentation Folder,110.74,4,0.0,442.96,58.98
ORD-00851,2021-11-01,Second Class,CUST-0267,Customer_267,Home Office,Virginia_City5,Virginia,East,Furniture,Furnishings,Lamp Set,1182.04,3,0.1,3191.51,348.68
ORD-00698,2021-11-02,Second Class,CUST-0170,Customer_170,Consumer,New Jersey_City5,New Jersey,East,Office Supplies,Paper,A4 Ream,163.51,3,0.05,466.0,63.25
ORD-00740,2021-11-02,First Class,CUST-0238,Customer_238,Consumer,Louisiana_City1,Louisiana,South,Office Supplies,Envelopes,Padded Mailer,157.94,2,0.05,300.09,52.23
ORD-00321,2021-11-02,Standard Class,CUST-0288,Customer_288,Corporate,Nevada_City4,Nevada,West,Office Supplies,Envelopes,Padded Mailer,194.25,8,0.0,1554.0,240.22
ORD-00486,2021-11-05,Standard Class,CUST-0109,Customer_109,Home Office,Alabama_City4,Alabama,South,Office Supplies,Storage,Storage Box,111.73,3,0.4,201.11,44.53
ORD-00697,2021-11-07,Same Day,CUST-0092,Customer_92,Corporate,Texas_City4,Texas,Central,Furniture,Chairs,Mesh Chair,244.97,8,0.05,1861.77,113.65
ORD-00869,2021-11-08,Standard Class,CUST-0014,Customer_14,Consumer,Nevada_City5,Nevada,West,Office Supplies,Art,Sketch Pad,96.5,7,0.15,574.17,116.87
ORD-00489,2021-11-09,Standard Class,CUST-0186,Customer_186,Consumer,Missouri_City2,Missouri,Central,Technology,Phones,iPhone 14,1520.4,5,0.2,6081.6,1572.1
ORD-00555,2021-11-09,Standard Class,CUST-0147,Customer_147,Corporate,California_City3,California,West,Technology,Computers,HP Spectre,1798.38,7,0.0,12588.66,2906.23
ORD-00594,2021-11-10,Same Day,CUST-0242,Customer_242,Consumer,Florida_City5,Florida,East,Furniture,Furnishings,Lamp Set,854.04,9,0.0,7686.36,1084.5
ORD-00099,2021-11-10,Standard Class,CUST-0035,Customer_35,Home Office,Illinois_City1,Illinois,Central,Office Supplies,Binders,3-Ring Binder,39.89,6,0.4,143.6,32.17
ORD-00126,2021-11-10,First Class,CUST-0187,Customer_187,Corporate,New York_City2,New York,East,Technology,Copiers,Brother Printer,1425.13,5,0.0,7125.65,1374.53
ORD-00826,2021-11-12,Standard Class,CUST-0259,Customer_259,Home Office,Nevada_City3,Nevada,West,Furniture,Furnishings,Rug,764.87,3,0.4,1376.77,217.1
ORD-00337,2021-11-13,Standard Class,CUST-0053,Customer_53,Consumer,Georgia_City3,Georgia,South,Office Supplies,Labels,Name Badge,186.94,2,0.1,336.49,54.08
ORD-00883,2021-11-13,Standard Class,CUST-0134,Customer_134,Consumer,Ohio_City5,Ohio,Central,Furniture,Chairs,Guest Chair,156.78,4,0.4,376.27,32.32
ORD-00233,2021-11-14,Standard Class,CUST-0113,Customer_113,Corporate,Pennsylvania_City3,Pennsylvania,East,Furniture,Chairs,Executive Chair,260.4,6,0.0,1562.4,105.24
ORD-00296,2021-11-15,Standard Class,CUST-0058,Customer_58,Consumer,New York_City2,New York,East,Office Supplies,Storage,Shelf Rack,72.62,9,0.0,653.58,69.94
ORD-00027,2021-11-15,Standard Class,CUST-0271,Customer_271,Consumer,New York_City2,New York,East,Technology,Computers,Lenovo ThinkPad,1371.84,8,0.1,9877.25,1813.48
ORD-00722,2021-11-17,Standard Class,CUST-0008,Customer_8,Consumer,Oregon_City3,Oregon,West,Furniture,Furnishings,Lamp Set,764.88,3,0.3,1606.25,193.16
ORD-00718,2021-11-18,Second Class,CUST-0061,Customer_61,Home Office,Florida_City4,Florida,East,Furniture,Furnishings,Wall Art,486.58,7,0.3,2384.24,388.94
ORD-00245,2021-11-19,Second Class,CUST-0068,Customer_68,Corporate,California_City3,California,West,Technology,Phones,Google Pixel,1512.21,9,0.15,11568.41,2703.63
ORD-00285,2021-11-20,Standard Class,CUST-0188,Customer_188,Home Office,Arizona_City5,Arizona,West,Office Supplies,Binders,Clip Binder,108.65,5,0.0,543.25,69.17
ORD-00115,2021-11-20,Standard Class,CUST-0052,Customer_52,Consumer,Missouri_City4,Missouri,Central,Technology,Accessories,USB Hub,763.72,7,0.1,4811.44,1032.5
ORD-00935,2021-11-20,Second Class,CUST-0111,Customer_111,Home Office,Pennsylvania_City3,Pennsylvania,East,Furniture,Chairs,Executive Chair,113.05,2,0.0,226.1,25.98
ORD-00817,2021-11-21,Standard Class,CUST-0113,Customer_113,Corporate,Missouri_City2,Missouri,Central,Furniture,Bookcases,Corner Bookcase,893.47,3,0.1,2412.37,242.06
ORD-00467,2021-11-22,Standard Class,CUST-0019,Customer_19,Consumer,Nevada_City3,Nevada,West,Furniture,Chairs,Executive Chair,590.88,5,0.0,2954.4,126.81
ORD-00348,2021-11-23,Second Class,CUST-0106,Customer_106,Corporate,Arizona_City2,Arizona,West,Furniture,Bookcases,Corner Bookcase,555.44,9,0.1,4499.06,239.65
ORD-00023,2021-11-23,First Class,CUST-0049,Customer_49,Consumer,Texas_City3,Texas,Central,Technology,Phones,Samsung Galaxy,1315.26,8,0.05,9995.98,1533.92
ORD-00100,2021-11-24,Second Class,CUST-0227,Customer_227,Consumer,Michigan_City4,Michigan,Central,Technology,Phones,Samsung Galaxy,1398.71,7,0.2,7832.78,1400.75
ORD-00783,2021-11-26,Second Class,CUST-0277,Customer_277,Consumer,Washington_City5,Washington,West,Office Supplies,Art,Sketch Pad,72.13,3,0.0,216.39,42.8
ORD-00315,2021-11-27,Standard Class,CUST-0173,Customer_173,Consumer,Washington_City1,Washington,West,Technology,Computers,Lenovo ThinkPad,1736.97,6,0.05,9900.73,2409.71
ORD-00128,2021-11-27,Second Class,CUST-0086,Customer_86,Consumer,Tennessee_City3,Tennessee,South,Furniture,Furnishings,Rug,379.5,5,0.3,1328.25,204.95
ORD-00339,2021-11-29,Standard Class,CUST-0108,Customer_108,Consumer,Oregon_City4,Oregon,West,Furniture,Furnishings,Rug,449.25,6,0.0,2695.5,240.64
ORD-00056,2021-11-30,Standard Class,CUST-0162,Customer_162,Consumer,Florida_City4,Florida,East,Office Supplies,Paper,Recycled Paper,107.02,1,0.5,53.51,6.98
ORD-00065,2021-12-01,Standard Class,CUST-0208,Customer_208,Consumer,California_City5,California,West,Office Supplies,Labels,Name Badge,168.08,6,0.0,1008.48,184.85
ORD-00566,2021-12-02,First Class,CUST-0224,Customer_224,Consumer,New York_City1,New York,East,Office Supplies,Art,Color Pencils,68.17,8,0.0,545.36,60.86
ORD-00984,2021-12-03,Standard Class,CUST-0156,Customer_156,Corporate,New Jersey_City4,New Jersey,East,Technology,Copiers,Canon Copier,1105.71,5,0.05,5252.12,858.03
ORD-00224,2021-12-04,Standard Class,CUST-0147,Customer_147,Home Office,Illinois_City1,Illinois,Central,Furniture,Chairs,Ergonomic Chair,483.14,2,0.4,579.77,46.39
ORD-00148,2021-12-05,First Class,CUST-0259,Customer_259,Corporate,Missouri_City4,Missouri,Central,Technology,Phones,Samsung Galaxy,447.54,2,0.0,895.08,147.72
ORD-00519,2021-12-05,Standard Class,CUST-0292,Customer_292,Consumer,Florida_City5,Florida,East,Office Supplies,Envelopes,Padded Mailer,31.24,6,0.0,187.44,36.36
ORD-00745,2021-12-06,Standard Class,CUST-0015,Customer_15,Corporate,Ohio_City2,Ohio,Central,Technology,Computers,HP Spectre,1260.18,8,0.0,10081.44,2119.57
ORD-00905,2021-12-07,Standard Class,CUST-0228,Customer_228,Corporate,Illinois_City1,Illinois,Central,Office Supplies,Storage,Drawer Organizer,160.88,2,0.2,257.41,34.97
ORD-00217,2021-12-07,Standard Class,CUST-0254,Customer_254,Corporate,Oregon_City4,Oregon,West,Furniture,Chairs,Executive Chair,178.81,2,0.0,357.62,42.79
ORD-00564,2021-12-10,Standard Class,CUST-0144,Customer_144,Consumer,Alabama_City5,Alabama,South,Technology,Accessories,Webcam HD,692.44,9,0.05,5920.36,1225.3
ORD-00424,2021-12-14,Standard Class,CUST-0044,Customer_44,Consumer,Pennsylvania_City3,Pennsylvania,East,Technology,Accessories,Webcam HD,427.58,3,0.2,1026.19,213.85
ORD-00920,2021-12-15,Standard Class,CUST-0282,Customer_282,Corporate,Nevada_City5,Nevada,West,Furniture,Furnishings,Rug,479.58,8,0.05,3644.81,342.75
ORD-00062,2021-12-17,Standard Class,CUST-0190,Customer_190,Consumer,Washington_City3,Washington,West,Furniture,Tables,Round Table,633.91,5,0.05,3011.07,239.49
ORD-00720,2021-12-22,Standard Class,CUST-0292,Customer_292,Corporate,New York_City1,New York,East,Office Supplies,Art,Color Pencils,38.31,9,0.5,172.4,24.45
ORD-00409,2021-12-23,Standard Class,CUST-0016,Customer_16,Consumer,Oregon_City5,Oregon,West,Furniture,Tables,Round Table,535.17,7,0.2,2996.95,364.19
ORD-00768,2021-12-25,Standard Class,CUST-0111,Customer_111,Consumer,Florida_City5,Florida,East,Furniture,Bookcases,Oak Bookcase,100.2,8,0.0,801.6,34.38
ORD-00921,2021-12-25,Standard Class,CUST-0299,Customer_299,Home Office,New Jersey_City3,New Jersey,East,Technology,Accessories,Logitech Mouse,1227.62,4,0.0,4910.48,1076.9
ORD-00977,2021-12-26,Standard Class,CUST-0198,Customer_198,Consumer,Arizona_City2,Arizona,West,Furniture,Furnishings,Curtains,801.89,8,0.05,6094.36,383.85
ORD-00452,2021-12-27,Standard Class,CUST-0151,Customer_151,Corporate,Washington_City1,Washington,West,Furniture,Bookcases,Metal Shelf,662.83,1,0.05,629.69,52.07
ORD-00596,2021-12-27,Standard Class,CUST-0005,Customer_5,Consumer,California_City1,California,West,Office Supplies,Labels,Sticky Notes,178.17,3,0.0,534.51,113.05
ORD-00340,2021-12-29,Standard Class,CUST-0005,Customer_5,Home Office,Pennsylvania_City1,Pennsylvania,East,Furniture,Chairs,Executive Chair,713.07,8,0.15,4848.88,320.09
ORD-00374,2022-01-01,Second Class,CUST-0192,Customer_192,Consumer,California_City2,California,West,Furniture,Furnishings,Lamp Set,251.26,2,0.15,427.14,54.49
ORD-00120,2022-01-01,Second Class,CUST-0143,Customer_143,Corporate,Michigan_City2,Michigan,Central,Technology,Copiers,HP LaserJet,1422.69,7,0.05,9460.89,1354.22
ORD-00343,2022-01-03,Standard Class,CUST-0262,Customer_262,Consumer,Pennsylvania_City4,Pennsylvania,East,Technology,Computers,HP Spectre,708.16,3,0.3,1487.14,219.63
ORD-00669,2022-01-03,Standard Class,CUST-0273,Customer_273,Consumer,Michigan_City3,Michigan,Central,Technology,Accessories,USB Hub,426.49,8,0.05,3241.32,688.09
ORD-00919,2022-01-04,Second Class,CUST-0292,Customer_292,Consumer,New York_City3,New York,East,Technology,Phones,iPhone 14,1374.98,9,0.0,12374.82,2811.47
ORD-00773,2022-01-07,First Class,CUST-0083,Customer_83,Consumer,Oregon_City5,Oregon,West,Furniture,Bookcases,Metal Shelf,735.72,7,0.1,4635.04,577.74
ORD-00615,2022-01-08,Same Day,CUST-0133,Customer_133,Consumer,Alabama_City2,Alabama,South,Technology,Copiers,Canon Copier,923.05,7,0.0,6461.35,1110.76
ORD-00530,2022-01-08,Second Class,CUST-0173,Customer_173,Consumer,Tennessee_City3,Tennessee,South,Furniture,Tables,Folding Table,632.03,1,0.0,632.03,65.33
ORD-00206,2022-01-11,Standard Class,CUST-0129,Customer_129,Consumer,Missouri_City1,Missouri,Central,Furniture,Bookcases,Corner Bookcase,652.01,2,0.1,1173.62,184.55
ORD-00687,2022-01-13,Second Class,CUST-0195,Customer_195,Corporate,Louisiana_City2,Louisiana,South,Office Supplies,Labels,Sticky Notes,141.38,9,0.0,1272.42,194.97
ORD-00657,2022-01-15,Standard Class,CUST-0286,Customer_286,Corporate,Arizona_City2,Arizona,West,Furniture,Tables,Folding Table,404.31,7,0.15,2405.64,374.46
ORD-00249,2022-01-16,Second Class,CUST-0195,Customer_195,Corporate,Florida_City4,Florida,East,Office Supplies,Art,Marker Set,92.76,4,0.2,296.83,55.64
ORD-00802,2022-01-20,Standard Class,CUST-0134,Customer_134,Consumer,Virginia_City1,Virginia,East,Furniture,Bookcases,Corner Bookcase,521.07,3,0.15,1328.73,126.99
ORD-00859,2022-01-22,Second Class,CUST-0078,Customer_78,Consumer,Pennsylvania_City5,Pennsylvania,East,Furniture,Bookcases,Metal Shelf,1156.45,6,0.1,6244.83,637.63
ORD-00234,2022-01-24,Second Class,CUST-0104,Customer_104,Consumer,Virginia_City1,Virginia,East,Office Supplies,Paper,Glossy Paper,13.75,5,0.0,68.75,10.11
ORD-00963,2022-01-25,First Class,CUST-0244,Customer_244,Consumer,Louisiana_City3,Louisiana,South,Office Supplies,Storage,Shelf Rack,167.18,1,0.15,142.1,14.62
ORD-00202,2022-01-25,Standard Class,CUST-0148,Customer_148,Consumer,Louisiana_City2,Louisiana,South,Furniture,Furnishings,Curtains,728.58,7,0.0,5100.06,418.25
ORD-00385,2022-01-25,Standard Class,CUST-0069,Customer_69,Consumer,Louisiana_City3,Louisiana,South,Furniture,Bookcases,Corner Bookcase,1119.81,6,0.15,5711.03,250.18
ORD-00186,2022-01-25,First Class,CUST-0123,Customer_123,Corporate,Missouri_City5,Missouri,Central,Technology,Accessories,Logitech Mouse,265.89,3,0.0,797.67,170.3
ORD-00838,2022-01-26,Standard Class,CUST-0273,Customer_273,Corporate,Texas_City4,Texas,Central,Technology,Accessories,Webcam HD,1002.77,7,0.0,7019.39,1712.66
ORD-00625,2022-01-27,Standard Class,CUST-0001,Customer_1,Home Office,Texas_City2,Texas,Central,Office Supplies,Art,Color Pencils,99.12,8,0.0,792.96,84.57
ORD-00201,2022-01-28,Standard Class,CUST-0147,Customer_147,Consumer,Oregon_City2,Oregon,West,Technology,Phones,Samsung Galaxy,332.07,1,0.0,332.07,81.08
ORD-00658,2022-01-28,First Class,CUST-0249,Customer_249,Corporate,Washington_City4,Washington,West,Furniture,Furnishings,Lamp Set,451.06,7,0.0,3157.42,480.97
ORD-00406,2022-01-28,Second Class,CUST-0096,Customer_96,Corporate,Washington_City2,Washington,West,Office Supplies,Envelopes,Bubble Wrap,13.27,7,0.0,92.89,20.95
ORD-00044,2022-01-29,Standard Class,CUST-0264,Customer_264,Corporate,New York_City5,New York,East,Office Supplies,Envelopes,Bubble Wrap,51.56,8,0.0,412.48,64.45
ORD-00654,2022-01-30,Second Class,CUST-0226,Customer_226,Consumer,Nevada_City3,Nevada,West,Office Supplies,Paper,Recycled Paper,178.97,6,0.15,912.75,196.54
ORD-00361,2022-01-31,First Class,CUST-0058,Customer_58,Home Office,Ohio_City5,Ohio,Central,Furniture,Tables,Round Table,723.75,8,0.0,5790.0,884.92
ORD-00665,2022-02-02,First Class,CUST-0133,Customer_133,Consumer,Tennessee_City5,Tennessee,South,Technology,Accessories,Keyboard Wireless,1022.5,7,0.05,6799.62,1585.2
ORD-00442,2022-02-03,Second Class,CUST-0277,Customer_277,Corporate,Alabama_City4,Alabama,South,Office Supplies,Storage,Filing Cabinet,181.9,4,0.05,691.22,150.67
ORD-00391,2022-02-08,Standard Class,CUST-0039,Customer_39,Corporate,Illinois_City3,Illinois,Central,Technology,Computers,Dell Laptop,594.85,6,0.05,3390.64,508.13
ORD-00736,2022-02-10,Standard Class,CUST-0187,Customer_187,Consumer,Oregon_City2,Oregon,West,Office Supplies,Paper,Cardstock,79.84,9,0.1,646.7,76.47
ORD-00573,2022-02-11,Standard Class,CUST-0136,Customer_136,Consumer,Pennsylvania_City2,Pennsylvania,East,Furniture,Furnishings,Curtains,293.19,9,0.0,2638.71,163.38
ORD-00433,2022-02-12,Standard Class,CUST-0264,Customer_264,Consumer,New Jersey_City4,New Jersey,East,Technology,Computers,Dell Laptop,861.69,6,0.0,5170.14,932.75
ORD-00017,2022-02-12,Same Day,CUST-0192,Customer_192,Home Office,Florida_City2,Florida,East,Office Supplies,Envelopes,Kraft Envelope,74.84,8,0.1,538.85,73.82
ORD-00944,2022-02-12,Standard Class,CUST-0051,Customer_51,Consumer,Washington_City2,Washington,West,Office Supplies,Art,Marker Set,191.46,9,0.0,1723.14,179.75
ORD-00125,2022-02-12,First Class,CUST-0160,Customer_160,Consumer,Florida_City3,Florida,East,Office Supplies,Binders,3-Ring Binder,46.72,4,0.05,177.54,23.2
ORD-00354,2022-02-13,Standard Class,CUST-0092,Customer_92,Consumer,Tennessee_City3,Tennessee,South,Technology,Copiers,HP LaserJet,638.07,6,0.0,3828.42,786.65
ORD-00553,2022-02-13,Standard Class,CUST-0164,Customer_164,Consumer,New Jersey_City3,New Jersey,East,Furniture,Bookcases,Corner Bookcase,1032.88,3,0.1,2788.78,174.34
ORD-00153,2022-02-16,Standard Class,CUST-0234,Customer_234,Home Office,Nevada_City3,Nevada,West,Technology,Accessories,USB Hub,1131.45,4,0.1,4073.22,822.79
ORD-00978,2022-02-16,Second Class,CUST-0161,Customer_161,Home Office,Alabama_City5,Alabama,South,Office Supplies,Paper,A4 Ream,143.07,8,0.1,1030.1,110.98
ORD-00808,2022-02-21,Standard Class,CUST-0026,Customer_26,Corporate,Missouri_City4,Missouri,Central,Furniture,Tables,Standing Desk,523.05,9,0.0,4707.45,332.17
ORD-00301,2022-02-21,First Class,CUST-0151,Customer_151,Consumer,Florida_City2,Florida,East,Technology,Accessories,Logitech Mouse,1002.0,7,0.15,5961.9,927.01
ORD-00262,2022-02-23,Second Class,CUST-0226,Customer_226,Consumer,Michigan_City1,Michigan,Central,Office Supplies,Storage,Filing Cabinet,134.39,7,0.0,940.73,157.76
ORD-00498,2022-02-28,Standard Class,CUST-0239,Customer_239,Consumer,Washington_City5,Washington,West,Office Supplies,Storage,Shelf Rack,184.48,7,0.0,1291.36,232.92
ORD-00714,2022-03-02,Second Class,CUST-0239,Customer_239,Consumer,California_City1,California,West,Furniture,Chairs,Ergonomic Chair,1070.64,2,0.0,2141.28,225.59
ORD-00059,2022-03-06,Standard Class,CUST-0271,Customer_271,Corporate,New York_City5,New York,East,Technology,Accessories,Keyboard Wireless,407.64,1,0.3,285.35,75.59
ORD-00415,2022-03-07,Standard Class,CUST-0178,Customer_178,Corporate,Oregon_City2,Oregon,West,Office Supplies,Binders,3-Ring Binder,61.78,3,0.1,166.81,27.54
ORD-00332,2022-03-07,First Class,CUST-0170,Customer_170,Corporate,Washington_City2,Washington,West,Office Supplies,Binders,Portfolio,107.14,3,0.1,289.28,48.25
ORD-00299,2022-03-08,Same Day,CUST-0114,Customer_114,Consumer,Nevada_City5,Nevada,West,Furniture,Chairs,Mesh Chair,359.83,5,0.0,1799.15,121.62
ORD-00715,2022-03-09,Standard Class,CUST-0056,Customer_56,Consumer,Washington_City5,Washington,West,Technology,Phones,Google Pixel,925.25,9,0.3,5829.08,1097.68
ORD-00078,2022-03-09,Standard Class,CUST-0136,Customer_136,Consumer,Washington_City1,Washington,West,Furniture,Furnishings,Wall Art,981.12,9,0.0,8830.08,543.47
ORD-00152,2022-03-10,Standard Class,CUST-0225,Customer_225,Corporate,North Carolina_City3,North Carolina,South,Furniture,Chairs,Guest Chair,503.79,6,0.0,3022.74,262.44
ORD-00535,2022-03-10,Second Class,CUST-0058,Customer_58,Consumer,Virginia_City4,Virginia,East,Office Supplies,Paper,Recycled Paper,123.72,5,0.4,371.16,69.94
ORD-00617,2022-03-11,Standard Class,CUST-0023,Customer_23,Consumer,Pennsylvania_City2,Pennsylvania,East,Technology,Copiers,HP LaserJet,545.82,6,0.0,3274.92,492.51
ORD-00080,2022-03-12,Standard Class,CUST-0139,Customer_139,Corporate,New York_City1,New York,East,Technology,Computers,Dell Laptop,1092.83,7,0.15,6502.34,913.85
ORD-00276,2022-03-13,Standard Class,CUST-0046,Customer_46,Consumer,Oregon_City1,Oregon,West,Furniture,Furnishings,Rug,120.99,8,0.0,967.92,126.19
ORD-00221,2022-03-14,Standard Class,CUST-0009,Customer_9,Consumer,Arizona_City5,Arizona,West,Technology,Accessories,Webcam HD,343.35,6,0.0,2060.1,294.96
ORD-00421,2022-03-14,Standard Class,CUST-0065,Customer_65,Consumer,Virginia_City4,Virginia,East,Office Supplies,Envelopes,Padded Mailer,124.56,4,0.0,498.24,51.4
ORD-00180,2022-03-15,Standard Class,CUST-0218,Customer_218,Home Office,Georgia_City4,Georgia,South,Technology,Copiers,Canon Copier,1244.45,6,0.2,5973.36,1244.41
ORD-00490,2022-03-15,Standard Class,CUST-0223,Customer_223,Home Office,Florida_City2,Florida,East,Furniture,Chairs,Executive Chair,153.81,9,0.15,1176.65,137.4
ORD-00028,2022-03-17,Standard Class,CUST-0190,Customer_190,Corporate,North Carolina_City3,North Carolina,South,Furniture,Furnishings,Rug,402.86,7,0.2,2256.02,305.38
ORD-00659,2022-03-20,Standard Class,CUST-0166,Customer_166,Corporate,Louisiana_City3,Louisiana,South,Furniture,Chairs,Guest Chair,585.23,2,0.2,936.37,66.39
ORD-00236,2022-03-22,Standard Class,CUST-0227,Customer_227,Home Office,Virginia_City1,Virginia,East,Office Supplies,Binders,Presentation Folder,43.94,6,0.1,237.28,49.33
ORD-00560,2022-03-23,Standard Class,CUST-0143,Customer_143,Consumer,New York_City5,New York,East,Furniture,Bookcases,Corner Bookcase,112.43,7,0.15,668.96,42.12
ORD-00013,2022-03-24,Standard Class,CUST-0131,Customer_131,Consumer,Oregon_City4,Oregon,West,Office Supplies,Paper,Recycled Paper,162.08,4,0.0,648.32,84.33
ORD-00451,2022-03-25,Same Day,CUST-0152,Customer_152,Home Office,Michigan_City3,Michigan,Central,Office Supplies,Labels,Color Dot Labels,159.26,4,0.1,573.34,98.67
ORD-00962,2022-03-25,Standard Class,CUST-0063,Customer_63,Corporate,New Jersey_City4,New Jersey,East,Office Supplies,Paper,Glossy Paper,136.2,1,0.05,129.39,23.15
ORD-00511,2022-03-26,First Class,CUST-0194,Customer_194,Corporate,North Carolina_City2,North Carolina,South,Technology,Accessories,USB Hub,349.0,5,0.5,872.5,181.98
ORD-00069,2022-03-26,Second Class,CUST-0217,Customer_217,Consumer,Arizona_City1,Arizona,West,Technology,Phones,iPhone 14,609.5,4,0.05,2316.1,583.21
ORD-00092,2022-03-26,Standard Class,CUST-0048,Customer_48,Consumer,Pennsylvania_City5,Pennsylvania,East,Office Supplies,Binders,Presentation Folder,23.94,9,0.1,193.91,29.99
ORD-00167,2022-03-28,Standard Class,CUST-0081,Customer_81,Consumer,Georgia_City3,Georgia,South,Technology,Computers,Dell Laptop,1152.37,6,0.05,6568.51,1320.76
ORD-00509,2022-03-28,Second Class,CUST-0283,Customer_283,Home Office,Oregon_City5,Oregon,West,Furniture,Chairs,Mesh Chair,736.86,2,0.1,1326.35,60.64
ORD-00019,2022-03-28,First Class,CUST-0161,Customer_161,Corporate,Florida_City5,Florida,East,Office Supplies,Envelopes,Padded Mailer,180.24,2,0.05,342.46,75.52
ORD-00637,2022-03-30,Standard Class,CUST-0162,Customer_162,Consumer,New York_City5,New York,East,Furniture,Tables,Folding Table,245.99,3,0.15,627.27,83.65
ORD-00353,2022-04-01,Standard Class,CUST-0275,Customer_275,Consumer,Ohio_City4,Ohio,Central,Furniture,Bookcases,Oak Bookcase,1126.58,3,0.15,2872.78,228.04
ORD-00359,2022-04-02,Standard Class,CUST-0127,Customer_127,Corporate,Michigan_City3,Michigan,Central,Furniture,Bookcases,Metal Shelf,773.18,6,0.05,4407.13,193.72
ORD-00005,2022-04-03,First Class,CUST-0189,Customer_189,Consumer,Florida_City5,Florida,East,Technology,Copiers,Brother Printer,1231.32,3,0.0,3693.96,870.27
ORD-00548,2022-04-05,First Class,CUST-0080,Customer_80,Corporate,Virginia_City3,Virginia,East,Office Supplies,Binders,Presentation Folder,195.96,7,0.05,1303.13,268.68
ORD-00432,2022-04-06,Second Class,CUST-0090,Customer_90,Home Office,Pennsylvania_City5,Pennsylvania,East,Furniture,Tables,Standing Desk,248.84,7,0.0,1741.88,196.01
ORD-00739,2022-04-06,Same Day,CUST-0111,Customer_111,Corporate,Arizona_City4,Arizona,West,Furniture,Furnishings,Wall Art,750.07,4,0.0,3000.28,497.72
ORD-00822,2022-04-06,Standard Class,CUST-0142,Customer_142,Consumer,Missouri_City2,Missouri,Central,Office Supplies,Storage,Storage Box,130.24,3,0.2,312.58,62.71
ORD-00162,2022-04-06,Standard Class,CUST-0268,Customer_268,Corporate,Oregon_City4,Oregon,West,Office Supplies,Storage,Drawer Organizer,38.72,4,0.0,154.88,19.87
ORD-00993,2022-04-08,Standard Class,CUST-0257,Customer_257,Consumer,New Jersey_City2,New Jersey,East,Office Supplies,Storage,Storage Box,58.89,3,0.05,167.84,38.01
ORD-00704,2022-04-08,Standard Class,CUST-0046,Customer_46,Home Office,California_City1,California,West,Furniture,Furnishings,Curtains,611.94,3,0.0,1835.82,158.43
ORD-00667,2022-04-11,Standard Class,CUST-0138,Customer_138,Consumer,Michigan_City3,Michigan,Central,Technology,Phones,iPhone 14,760.51,8,0.2,4867.26,1116.74
ORD-00899,2022-04-11,First Class,CUST-0010,Customer_10,Corporate,Alabama_City1,Alabama,South,Technology,Accessories,Webcam HD,441.82,2,0.0,883.64,135.13
ORD-00047,2022-04-12,Second Class,CUST-0081,Customer_81,Consumer,Alabama_City3,Alabama,South,Furniture,Bookcases,Metal Shelf,692.85,6,0.0,4157.1,338.23
ORD-00358,2022-04-12,Standard Class,CUST-0279,Customer_279,Corporate,Alabama_City1,Alabama,South,Office Supplies,Binders,Presentation Folder,153.68,5,0.0,768.4,147.45
ORD-00764,2022-04-14,Second Class,CUST-0109,Customer_109,Home Office,Tennessee_City3,Tennessee,South,Technology,Phones,Google Pixel,1507.25,5,0.0,7536.25,1550.13
ORD-00171,2022-04-14,Standard Class,CUST-0130,Customer_130,Corporate,Texas_City5,Texas,Central,Furniture,Tables,Standing Desk,186.33,4,0.2,596.26,59.53
ORD-00072,2022-04-15,Standard Class,CUST-0041,Customer_41,Corporate,Louisiana_City2,Louisiana,South,Furniture,Tables,Folding Table,177.96,3,0.05,507.19,47.13
ORD-00166,2022-04-17,Standard Class,CUST-0113,Customer_113,Corporate,California_City5,California,West,Technology,Phones,Nokia G50,1652.25,3,0.0,4956.75,1262.6
ORD-00960,2022-04-17,Second Class,CUST-0154,Customer_154,Consumer,Missouri_City1,Missouri,Central,Technology,Accessories,USB Hub,487.87,2,0.0,975.74,214.17
ORD-00652,2022-04-18,Standard Class,CUST-0192,Customer_192,Consumer,Oregon_City5,Oregon,West,Furniture,Furnishings,Rug,735.32,9,0.2,5294.3,752.55
ORD-00487,2022-04-19,Standard Class,CUST-0181,Customer_181,Consumer,Pennsylvania_City4,Pennsylvania,East,Furniture,Chairs,Ergonomic Chair,781.74,5,0.0,3908.7,176.62
ORD-00729,2022-04-20,Second Class,CUST-0214,Customer_214,Consumer,New York_City2,New York,East,Office Supplies,Binders,Clip Binder,159.52,7,0.05,1060.81,138.13
ORD-00927,2022-04-21,First Class,CUST-0038,Customer_38,Corporate,California_City3,California,West,Office Supplies,Labels,Name Badge,150.5,2,0.0,301.0,31.28
ORD-00050,2022-04-22,Standard Class,CUST-0054,Customer_54,Corporate,Oregon_City1,Oregon,West,Furniture,Furnishings,Wall Art,647.3,9,0.0,5825.7,264.21
ORD-00014,2022-04-22,Standard Class,CUST-0150,Customer_150,Consumer,Missouri_City5,Missouri,Central,Technology,Copiers,Brother Printer,901.95,6,0.5,2705.85,653.76
ORD-00862,2022-04-24,Same Day,CUST-0089,Customer_89,Corporate,Virginia_City4,Virginia,East,Technology,Computers,HP Spectre,1476.96,3,0.1,3987.79,998.7
ORD-00734,2022-04-24,Standard Class,CUST-0154,Customer_154,Consumer,Florida_City5,Florida,East,Office Supplies,Paper,Recycled Paper,111.85,5,0.15,475.36,93.16
ORD-00897,2022-04-26,Standard Class,CUST-0196,Customer_196,Consumer,Michigan_City2,Michigan,Central,Technology,Accessories,Keyboard Wireless,479.38,3,0.1,1294.33,248.24
ORD-00480,2022-04-26,Second Class,CUST-0025,Customer_25,Consumer,Ohio_City3,Ohio,Central,Furniture,Chairs,Mesh Chair,747.75,7,0.3,3663.98,343.19
ORD-00252,2022-04-27,Second Class,CUST-0176,Customer_176,Consumer,Florida_City2,Florida,East,Furniture,Furnishings,Wall Art,691.81,1,0.0,691.81,64.39
ORD-00430,2022-04-27,Same Day,CUST-0035,Customer_35,Consumer,Oregon_City2,Oregon,West,Technology,Phones,Google Pixel,1700.55,7,0.4,7142.31,1403.61
ORD-00216,2022-04-30,Same Day,CUST-0002,Customer_2,Corporate,Ohio_City5,Ohio,Central,Furniture,Tables,Round Table,370.87,8,0.0,2966.96,328.89
ORD-00338,2022-04-30,First Class,CUST-0060,Customer_60,Consumer,Washington_City2,Washington,West,Office Supplies,Art,Color Pencils,183.84,4,0.3,514.75,98.83
ORD-00948,2022-05-01,Standard Class,CUST-0214,Customer_214,Consumer,Michigan_City4,Michigan,Central,Furniture,Tables,Folding Table,468.46,5,0.0,2342.3,111.7
ORD-00177,2022-05-03,Standard Class,CUST-0130,Customer_130,Consumer,New Jersey_City4,New Jersey,East,Office Supplies,Paper,Cardstock,174.23,4,0.0,696.92,88.12
ORD-00556,2022-05-04,Standard Class,CUST-0020,Customer_20,Corporate,Oregon_City4,Oregon,West,Technology,Phones,Nokia G50,862.47,3,0.05,2458.04,444.64
ORD-00264,2022-05-04,Standard Class,CUST-0286,Customer_286,Consumer,Tennessee_City4,Tennessee,South,Technology,Accessories,Keyboard Wireless,472.51,5,0.1,2126.3,347.08
ORD-00475,2022-05-05,Standard Class,CUST-0223,Customer_223,Consumer,Michigan_City2,Michigan,Central,Technology,Computers,Lenovo ThinkPad,1568.66,4,0.2,5019.71,829.57
ORD-00860,2022-05-05,Second Class,CUST-0062,Customer_62,Consumer,Florida_City5,Florida,East,Office Supplies,Paper,Recycled Paper,20.23,4,0.0,80.92,14.78
ORD-00816,2022-05-06,First Class,CUST-0020,Customer_20,Corporate,Oregon_City5,Oregon,West,Technology,Computers,HP Spectre,225.13,7,0.2,1260.73,202.66
ORD-00137,2022-05-06,Same Day,CUST-0108,Customer_108,Home Office,Oregon_City3,Oregon,West,Office Supplies,Binders,3-Ring Binder,63.86,4,0.2,204.35,24.49
ORD-00719,2022-05-07,Standard Class,CUST-0026,Customer_26,Consumer,Louisiana_City1,Louisiana,South,Office Supplies,Envelopes,Business Envelope,94.94,3,0.2,227.86,50.39
ORD-00630,2022-05-08,Second Class,CUST-0288,Customer_288,Corporate,New Jersey_City4,New Jersey,East,Office Supplies,Envelopes,Bubble Wrap,107.11,1,0.05,101.75,20.2
ORD-00924,2022-05-09,Standard Class,CUST-0148,Customer_148,Consumer,Virginia_City2,Virginia,East,Office Supplies,Envelopes,Business Envelope,37.68,6,0.0,226.08,39.57
ORD-00139,2022-05-09,First Class,CUST-0286,Customer_286,Consumer,New Jersey_City4,New Jersey,East,Technology,Copiers,Xerox WorkCentre,555.02,3,0.0,1665.06,281.24
ORD-00627,2022-05-10,Standard Class,CUST-0173,Customer_173,Consumer,Oregon_City3,Oregon,West,Office Supplies,Envelopes,Business Envelope,42.09,3,0.15,107.33,22.45
ORD-00183,2022-05-13,Standard Class,CUST-0247,Customer_247,Consumer,Michigan_City5,Michigan,Central,Technology,Computers,Dell Laptop,1443.87,9,0.1,11695.35,3092.19
ORD-00575,2022-05-13,Second Class,CUST-0178,Customer_178,Corporate,Virginia_City2,Virginia,East,Furniture,Tables,Round Table,471.73,9,0.0,4245.57,428.07
ORD-00639,2022-05-14,First Class,CUST-0259,Customer_259,Corporate,Virginia_City4,Virginia,East,Office Supplies,Envelopes,Bubble Wrap,94.58,6,0.1,510.73,81.81
ORD-00834,2022-05-15,Standard Class,CUST-0168,Customer_168,Home Office,Illinois_City5,Illinois,Central,Technology,Copiers,Canon Copier,1167.32,2,0.2,1867.71,430.99
ORD-00446,2022-05-15,First Class,CUST-0227,Customer_227,Corporate,Virginia_City2,Virginia,East,Technology,Copiers,Brother Printer,382.66,2,0.3,535.72,129.17
ORD-00608,2022-05-15,Second Class,CUST-0283,Customer_283,Consumer,Pennsylvania_City4,Pennsylvania,East,Office Supplies,Art,Marker Set,151.55,7,0.3,742.6,94.24
ORD-00916,2022-05-16,Standard Class,CUST-0095,Customer_95,Consumer,Ohio_City2,Ohio,Central,Technology,Computers,Lenovo ThinkPad,904.3,2,0.2,1446.88,345.88
ORD-00282,2022-05-16,Standard Class,CUST-0181,Customer_181,Consumer,Pennsylvania_City2,Pennsylvania,East,Technology,Copiers,HP LaserJet,359.37,6,0.0,2156.22,365.83
ORD-00437,2022-05-17,Second Class,CUST-0105,Customer_105,Home Office,Florida_City5,Florida,East,Furniture,Bookcases,Corner Bookcase,883.9,9,0.0,7955.1,782.58
ORD-00004,2022-05-17,Standard Class,CUST-0072,Customer_72,Corporate,Missouri_City5,Missouri,Central,Office Supplies,Binders,Clip Binder,16.66,4,0.3,46.65,4.93
ORD-00064,2022-05-17,Standard Class,CUST-0213,Customer_213,Corporate,Texas_City1,Texas,Central,Furniture,Bookcases,Oak Bookcase,728.11,8,0.15,4951.15,435.8
ORD-00604,2022-05-18,Second Class,CUST-0267,Customer_267,Home Office,Washington_City3,Washington,West,Office Supplies,Labels,Address Label,116.34,6,0.0,698.04,90.25
ORD-00255,2022-05-20,Second Class,CUST-0158,Customer_158,Home Office,New Jersey_City2,New Jersey,East,Furniture,Tables,Conference Table,384.52,8,0.2,2460.93,416.73
ORD-00087,2022-05-21,First Class,CUST-0028,Customer_28,Consumer,Texas_City3,Texas,Central,Office Supplies,Art,Whiteboard,12.93,8,0.1,93.1,13.34
ORD-00471,2022-05-22,Standard Class,CUST-0076,Customer_76,Corporate,Louisiana_City2,Louisiana,South,Technology,Phones,Samsung Galaxy,524.56,9,0.1,4248.94,901.84
ORD-00552,2022-05-22,Standard Class,CUST-0229,Customer_229,Corporate,Louisiana_City4,Louisiana,South,Technology,Phones,iPhone 14,388.68,5,0.0,1943.4,304.3
ORD-00161,2022-05-23,Same Day,CUST-0052,Customer_52,Home Office,Ohio_City1,Ohio,Central,Furniture,Tables,Conference Table,972.19,4,0.0,3888.76,344.02
ORD-00701,2022-05-24,Standard Class,CUST-0133,Customer_133,Corporate,Oregon_City5,Oregon,West,Technology,Phones,Google Pixel,928.93,3,0.0,2786.79,541.61
ORD-00346,2022-05-24,Standard Class,CUST-0269,Customer_269,Consumer,Michigan_City2,Michigan,Central,Office Supplies,Paper,Glossy Paper,154.26,4,0.5,308.52,52.6
ORD-00200,2022-05-25,Standard Class,CUST-0252,Customer_252,Consumer,California_City5,California,West,Office Supplies,Storage,Shelf Rack,30.78,8,0.05,233.93,43.89
ORD-00456,2022-05-26,Standard Class,CUST-0268,Customer_268,Corporate,New York_City4,New York,East,Technology,Accessories,Keyboard Wireless,1429.22,3,0.4,2572.6,588.33
ORD-00333,2022-05-27,Second Class,CUST-0271,Customer_271,Home Office,Ohio_City5,Ohio,Central,Technology,Copiers,Canon Copier,416.4,1,0.4,249.84,50.35
ORD-00209,2022-05-27,Standard Class,CUST-0298,Customer_298,Consumer,Georgia_City4,Georgia,South,Technology,Computers,MacBook Pro,415.79,1,0.4,249.47,55.18
ORD-00941,2022-05-28,Standard Class,CUST-0106,Customer_106,Corporate,California_City2,California,West,Office Supplies,Labels,Color Dot Labels,13.0,5,0.05,61.75,8.46
ORD-00761,2022-05-28,Second Class,CUST-0068,Customer_68,Consumer,Missouri_City1,Missouri,Central,Technology,Accessories,Keyboard Wireless,990.87,8,0.2,6341.57,1007.89
ORD-00964,2022-05-29,Standard Class,CUST-0025,Customer_25,Home Office,Missouri_City1,Missouri,Central,Technology,Copiers,Canon Copier,219.14,1,0.2,175.31,41.51
ORD-00305,2022-05-30,Standard Class,CUST-0104,Customer_104,Home Office,Michigan_City5,Michigan,Central,Office Supplies,Art,Marker Set,178.63,3,0.3,375.12,53.38
ORD-00651,2022-05-30,Standard Class,CUST-0103,Customer_103,Corporate,Arizona_City4,Arizona,West,Furniture,Furnishings,Wall Art,443.73,9,0.0,3993.57,481.82
ORD-00107,2022-05-30,Standard Class,CUST-0283,Customer_283,Corporate,Louisiana_City5,Louisiana,South,Technology,Phones,iPhone 14,1612.52,1,0.1,1451.27,359.64
ORD-00542,2022-06-01,Standard Class,CUST-0058,Customer_58,Consumer,Florida_City3,Florida,East,Technology,Phones,Nokia G50,1031.53,6,0.2,4951.34,1107.72
ORD-00793,2022-06-01,Standard Class,CUST-0031,Customer_31,Consumer,Tennessee_City1,Tennessee,South,Furniture,Furnishings,Wall Art,873.69,7,0.1,5504.25,317.94
ORD-00689,2022-06-02,Standard Class,CUST-0155,Customer_155,Home Office,California_City2,California,West,Technology,Accessories,USB Hub,699.91,9,0.0,6299.19,943.07
ORD-00929,2022-06-05,Standard Class,CUST-0200,Customer_200,Consumer,New York_City3,New York,East,Technology,Phones,iPhone 14,1052.03,1,0.1,946.83,224.34
ORD-00386,2022-06-06,Same Day,CUST-0047,Customer_47,Consumer,Washington_City4,Washington,West,Office Supplies,Envelopes,Bubble Wrap,197.2,8,0.0,1577.6,204.98
ORD-00931,2022-06-07,Standard Class,CUST-0218,Customer_218,Consumer,Ohio_City1,Ohio,Central,Technology,Phones,iPhone 14,1328.97,2,0.2,2126.35,438.57
ORD-00562,2022-06-09,Standard Class,CUST-0054,Customer_54,Corporate,Nevada_City4,Nevada,West,Technology,Copiers,Xerox WorkCentre,650.6,6,0.2,3122.88,632.81
ORD-00985,2022-06-11,Second Class,CUST-0049,Customer_49,Consumer,Michigan_City1,Michigan,Central,Furniture,Bookcases,Metal Shelf,1163.88,7,0.15,6925.09,435.09
ORD-00619,2022-06-14,Second Class,CUST-0165,Customer_165,Corporate,Florida_City3,Florida,East,Furniture,Tables,Standing Desk,223.45,9,0.0,2011.05,106.28
ORD-00470,2022-06-15,Standard Class,CUST-0233,Customer_233,Consumer,Illinois_City4,Illinois,Central,Furniture,Bookcases,Oak Bookcase,244.73,7,0.0,1713.11,129.13
ORD-00532,2022-06-17,Second Class,CUST-0242,Customer_242,Corporate,New York_City5,New York,East,Office Supplies,Binders,3-Ring Binder,187.11,6,0.0,1122.66,134.85
ORD-00373,2022-06-19,Second Class,CUST-0189,Customer_189,Consumer,Oregon_City1,Oregon,West,Furniture,Bookcases,Metal Shelf,640.59,6,0.3,2690.48,231.42
ORD-00261,2022-06-19,First Class,CUST-0027,Customer_27,Home Office,Arizona_City1,Arizona,West,Technology,Accessories,Webcam HD,1132.81,4,0.15,3851.55,773.99
ORD-00314,2022-06-21,First Class,CUST-0036,Customer_36,Consumer,California_City3,California,West,Office Supplies,Paper,Recycled Paper,79.53,9,0.0,715.77,98.62
ORD-00088,2022-06-23,Same Day,CUST-0135,Customer_135,Consumer,Georgia_City3,Georgia,South,Furniture,Furnishings,Wall Art,177.43,9,0.1,1437.18,158.68
ORD-00118,2022-06-24,Standard Class,CUST-0231,Customer_231,Consumer,Texas_City4,Texas,Central,Furniture,Bookcases,Metal Shelf,457.12,8,0.0,3656.96,299.17
ORD-00302,2022-06-25,First Class,CUST-0127,Customer_127,Home Office,Alabama_City5,Alabama,South,Office Supplies,Paper,Recycled Paper,163.32,8,0.2,1045.25,140.43
ORD-00716,2022-06-26,Second Class,CUST-0107,Customer_107,Consumer,Nevada_City4,Nevada,West,Technology,Computers,Lenovo ThinkPad,248.42,2,0.05,472.0,119.18
ORD-00999,2022-06-26,Second Class,CUST-0158,Customer_158,Consumer,Alabama_City3,Alabama,South,Technology,Phones,iPhone 14,318.4,6,0.05,1814.88,395.49
ORD-00293,2022-06-26,Standard Class,CUST-0281,Customer_281,Consumer,Nevada_City4,Nevada,West,Technology,Phones,Samsung Galaxy,733.71,7,0.3,3595.18,955.41
ORD-00036,2022-06-26,Standard Class,CUST-0167,Customer_167,Corporate,Arizona_City3,Arizona,West,Office Supplies,Storage,Shelf Rack,76.59,2,0.15,130.2,15.66
ORD-00735,2022-06-26,Standard Class,CUST-0014,Customer_14,Corporate,California_City5,California,West,Office Supplies,Labels,Sticky Notes,194.91,6,0.0,1169.46,216.74
ORD-00085,2022-06-27,Standard Class,CUST-0231,Customer_231,Consumer,Oregon_City4,Oregon,West,Furniture,Bookcases,Oak Bookcase,1006.01,9,0.1,8148.68,1260.08
ORD-00149,2022-06-27,Same Day,CUST-0198,Customer_198,Corporate,North Carolina_City2,North Carolina,South,Office Supplies,Storage,Storage Box,12.36,6,0.0,74.16,9.61
ORD-00886,2022-06-27,First Class,CUST-0042,Customer_42,Consumer,California_City1,California,West,Technology,Accessories,Webcam HD,1198.91,4,0.2,3836.51,967.81
ORD-00228,2022-06-28,Same Day,CUST-0054,Customer_54,Home Office,Pennsylvania_City2,Pennsylvania,East,Office Supplies,Binders,Clip Binder,64.44,9,0.05,550.96,93.88
ORD-00278,2022-06-28,Standard Class,CUST-0099,Customer_99,Home Office,California_City4,California,West,Technology,Accessories,Logitech Mouse,1239.06,1,0.15,1053.2,166.9
ORD-00375,2022-06-28,Standard Class,CUST-0069,Customer_69,Consumer,Texas_City2,Texas,Central,Technology,Accessories,Webcam HD,509.22,3,0.0,1527.66,294.63
ORD-00265,2022-06-28,Standard Class,CUST-0097,Customer_97,Consumer,California_City5,California,West,Technology,Computers,Lenovo ThinkPad,654.42,5,0.2,2617.68,552.81
ORD-00741,2022-06-29,Standard Class,CUST-0239,Customer_239,Home Office,Ohio_City3,Ohio,Central,Furniture,Chairs,Mesh Chair,578.89,8,0.0,4631.12,236.46
ORD-00347,2022-07-01,Second Class,CUST-0124,Customer_124,Consumer,Florida_City4,Florida,East,Technology,Accessories,Logitech Mouse,1608.21,4,0.3,4502.99,1168.88
ORD-00809,2022-07-01,Standard Class,CUST-0173,Customer_173,Corporate,Illinois_City5,Illinois,Central,Technology,Accessories,Webcam HD,1679.17,7,0.0,11754.19,2654.8
ORD-00060,2022-07-01,Second Class,CUST-0215,Customer_215,Consumer,Michigan_City3,Michigan,Central,Office Supplies,Art,Sketch Pad,175.33,9,0.4,946.78,170.48
ORD-00110,2022-07-01,Standard Class,CUST-0042,Customer_42,Consumer,Alabama_City3,Alabama,South,Technology,Phones,Samsung Galaxy,842.49,3,0.4,1516.48,388.49
ORD-00846,2022-07-02,First Class,CUST-0076,Customer_76,Consumer,Oregon_City3,Oregon,West,Furniture,Furnishings,Wall Art,629.69,5,0.5,1574.22,91.07
ORD-00076,2022-07-03,Standard Class,CUST-0009,Customer_9,Corporate,Washington_City3,Washington,West,Technology,Computers,HP Spectre,1623.63,2,0.4,1948.36,448.11
ORD-00602,2022-07-04,Standard Class,CUST-0239,Customer_239,Home Office,California_City5,California,West,Technology,Phones,Nokia G50,1202.42,9,0.0,10821.78,1818.88
ORD-00766,2022-07-06,Standard Class,CUST-0111,Customer_111,Consumer,Alabama_City2,Alabama,South,Technology,Accessories,Webcam HD,1645.21,5,0.05,7814.75,1483.22
ORD-00068,2022-07-07,Standard Class,CUST-0280,Customer_280,Consumer,Washington_City2,Washington,West,Technology,Accessories,USB Hub,1322.1,1,0.15,1123.78,196.0
ORD-00598,2022-07-08,First Class,CUST-0289,Customer_289,Home Office,Virginia_City1,Virginia,East,Office Supplies,Envelopes,Bubble Wrap,194.07,6,0.0,1164.42,248.84
ORD-00649,2022-07-09,Standard Class,CUST-0066,Customer_66,Consumer,Florida_City4,Florida,East,Technology,Copiers,Brother Printer,1032.92,8,0.0,8263.36,2036.83
ORD-00481,2022-07-11,Standard Class,CUST-0053,Customer_53,Consumer,Michigan_City3,Michigan,Central,Technology,Accessories,Logitech Mouse,961.14,6,0.05,5478.5,1417.89
ORD-00297,2022-07-12,Standard Class,CUST-0174,Customer_174,Consumer,Oregon_City1,Oregon,West,Furniture,Furnishings,Wall Art,487.1,6,0.0,2922.6,290.75
ORD-00753,2022-07-12,Second Class,CUST-0086,Customer_86,Consumer,New York_City3,New York,East,Furniture,Bookcases,Corner Bookcase,1004.23,5,0.0,5021.15,386.41
ORD-00983,2022-07-13,First Class,CUST-0154,Customer_154,Consumer,New York_City1,New York,East,Furniture,Tables,Round Table,1089.89,1,0.0,1089.89,61.06
ORD-00512,2022-07-13,Same Day,CUST-0005,Customer_5,Consumer,Ohio_City2,Ohio,Central,Furniture,Chairs,Mesh Chair,429.22,1,0.0,429.22,36.49
ORD-00830,2022-07-14,Second Class,CUST-0261,Customer_261,Consumer,Louisiana_City2,Louisiana,South,Office Supplies,Labels,Address Label,112.65,4,0.0,450.6,75.8
ORD-00674,2022-07-16,Standard Class,CUST-0205,Customer_205,Corporate,Georgia_City2,Georgia,South,Technology,Computers,Dell Laptop,1181.22,6,0.0,7087.32,1849.44
ORD-00955,2022-07-17,Standard Class,CUST-0055,Customer_55,Corporate,Oregon_City3,Oregon,West,Technology,Phones,iPhone 14,1374.9,6,0.2,6599.52,1470.56
ORD-00476,2022-07-17,Standard Class,CUST-0052,Customer_52,Consumer,Ohio_City2,Ohio,Central,Office Supplies,Labels,Color Dot Labels,110.98,2,0.1,199.76,20.75
ORD-00003,2022-07-18,Second Class,CUST-0107,Customer_107,Home Office,Tennessee_City4,Tennessee,South,Technology,Computers,HP Spectre,1200.21,4,0.0,4800.84,1258.74
ORD-00842,2022-07-20,Standard Class,CUST-0095,Customer_95,Consumer,Michigan_City2,Michigan,Central,Technology,Computers,HP Spectre,1765.17,2,0.0,3530.34,602.81
ORD-00622,2022-07-20,Second Class,CUST-0145,Customer_145,Home Office,Illinois_City4,Illinois,Central,Office Supplies,Labels,Color Dot Labels,183.1,7,0.0,1281.7,279.67
ORD-00661,2022-07-21,Second Class,CUST-0247,Customer_247,Home Office,Ohio_City4,Ohio,Central,Technology,Accessories,Keyboard Wireless,438.91,1,0.2,351.13,69.37
ORD-00309,2022-07-21,Second Class,CUST-0039,Customer_39,Home Office,Missouri_City2,Missouri,Central,Furniture,Chairs,Ergonomic Chair,408.21,7,0.0,2857.47,255.78
ORD-00472,2022-07-22,Same Day,CUST-0265,Customer_265,Home Office,Illinois_City1,Illinois,Central,Furniture,Tables,Folding Table,784.82,4,0.0,3139.28,128.59
ORD-00053,2022-07-24,Second Class,CUST-0191,Customer_191,Consumer,Missouri_City3,Missouri,Central,Technology,Computers,Dell Laptop,716.16,6,0.1,3867.26,561.06
ORD-00540,2022-07-24,Second Class,CUST-0117,Customer_117,Corporate,Michigan_City1,Michigan,Central,Furniture,Tables,Standing Desk,242.68,3,0.1,655.24,75.66
ORD-00772,2022-07-24,First Class,CUST-0236,Customer_236,Consumer,Washington_City3,Washington,West,Furniture,Bookcases,Oak Bookcase,528.98,4,0.0,2115.92,129.49
ORD-00026,2022-07-24,First Class,CUST-0188,Customer_188,Consumer,California_City2,California,West,Furniture,Furnishings,Wall Art,482.43,2,0.15,820.13,39.96
ORD-00021,2022-07-24,Standard Class,CUST-0253,Customer_253,Home Office,Illinois_City5,Illinois,Central,Office Supplies,Art,Whiteboard,90.31,6,0.0,541.86,106.98
ORD-00207,2022-07-25,First Class,CUST-0267,Customer_267,Consumer,Arizona_City2,Arizona,West,Office Supplies,Envelopes,Padded Mailer,155.9,1,0.2,124.72,16.72
ORD-00178,2022-07-25,Standard Class,CUST-0053,Customer_53,Corporate,Arizona_City5,Arizona,West,Furniture,Chairs,Guest Chair,1056.77,7,0.15,6287.78,508.8
ORD-00364,2022-07-25,Second Class,CUST-0239,Customer_239,Consumer,Virginia_City1,Virginia,East,Furniture,Tables,Round Table,856.12,3,0.0,2568.36,221.37
ORD-00366,2022-07-26,Second Class,CUST-0096,Customer_96,Home Office,California_City5,California,West,Technology,Phones,Nokia G50,1301.03,9,0.0,11709.27,3065.68
ORD-00606,2022-07-26,Standard Class,CUST-0063,Customer_63,Corporate,Missouri_City1,Missouri,Central,Furniture,Tables,Folding Table,754.71,2,0.2,1207.54,198.61
ORD-00621,2022-07-27,First Class,CUST-0083,Customer_83,Consumer,Oregon_City3,Oregon,West,Office Supplies,Storage,Drawer Organizer,156.67,3,0.0,470.01,86.62
ORD-00298,2022-08-01,Second Class,CUST-0280,Customer_280,Home Office,Arizona_City2,Arizona,West,Office Supplies,Envelopes,Kraft Envelope,126.92,2,0.3,177.69,22.52
ORD-00663,2022-08-03,Second Class,CUST-0051,Customer_51,Home Office,Georgia_City3,Georgia,South,Office Supplies,Binders,Presentation Folder,7.98,9,0.1,64.64,12.11
ORD-00731,2022-08-03,Standard Class,CUST-0028,Customer_28,Corporate,New York_City3,New York,East,Office Supplies,Binders,Clip Binder,83.16,2,0.0,166.32,33.89
ORD-00848,2022-08-03,Standard Class,CUST-0001,Customer_1,Home Office,Pennsylvania_City2,Pennsylvania,East,Technology,Accessories,USB Hub,427.34,8,0.3,2393.1,579.89
ORD-00426,2022-08-05,Standard Class,CUST-0012,Customer_12,Consumer,California_City4,California,West,Furniture,Tables,Standing Desk,596.87,5,0.05,2835.13,134.04
ORD-00682,2022-08-06,Standard Class,CUST-0183,Customer_183,Consumer,Oregon_City4,Oregon,West,Furniture,Chairs,Executive Chair,569.11,4,0.0,2276.44,257.36
ORD-00284,2022-08-07,Second Class,CUST-0099,Customer_99,Consumer,Florida_City1,Florida,East,Technology,Phones,Nokia G50,1586.84,7,0.05,10552.49,2293.09
ORD-00230,2022-08-08,Second Class,CUST-0161,Customer_161,Corporate,Florida_City1,Florida,East,Furniture,Tables,Round Table,777.84,1,0.4,466.7,58.49
ORD-00479,2022-08-09,Standard Class,CUST-0099,Customer_99,Corporate,Arizona_City5,Arizona,West,Technology,Copiers,HP LaserJet,580.61,1,0.1,522.55,131.61
ORD-00959,2022-08-10,First Class,CUST-0117,Customer_117,Consumer,Tennessee_City5,Tennessee,South,Furniture,Tables,Folding Table,859.31,1,0.1,773.38,45.25
ORD-00414,2022-08-11,First Class,CUST-0152,Customer_152,Corporate,Texas_City2,Texas,Central,Technology,Phones,Google Pixel,278.87,6,0.0,1673.22,363.77
ORD-00898,2022-08-12,Standard Class,CUST-0086,Customer_86,Home Office,Missouri_City3,Missouri,Central,Technology,Copiers,HP LaserJet,1146.83,9,0.0,10321.47,1623.23
ORD-00934,2022-08-13,Standard Class,CUST-0210,Customer_210,Consumer,Virginia_City1,Virginia,East,Technology,Copiers,Brother Printer,1592.44,7,0.4,6688.25,1530.65
ORD-00811,2022-08-13,Second Class,CUST-0133,Customer_133,Consumer,New Jersey_City5,New Jersey,East,Office Supplies,Envelopes,Bubble Wrap,35.08,7,0.3,171.89,31.42
ORD-00787,2022-08-14,Second Class,CUST-0004,Customer_4,Corporate,New York_City4,New York,East,Furniture,Chairs,Guest Chair,544.62,2,0.3,762.47,123.13
ORD-00730,2022-08-14,Standard Class,CUST-0014,Customer_14,Consumer,Illinois_City4,Illinois,Central,Technology,Copiers,HP LaserJet,1052.39,2,0.1,1894.3,316.24
ORD-00747,2022-08-15,First Class,CUST-0119,Customer_119,Consumer,Washington_City3,Washington,West,Office Supplies,Envelopes,Padded Mailer,186.52,9,0.1,1510.81,238.15
ORD-00048,2022-08-16,First Class,CUST-0050,Customer_50,Home Office,Alabama_City2,Alabama,South,Furniture,Tables,Folding Table,526.24,2,0.05,999.86,117.9
ORD-00727,2022-08-20,Standard Class,CUST-0127,Customer_127,Corporate,Michigan_City5,Michigan,Central,Furniture,Chairs,Guest Chair,458.46,2,0.05,871.07,139.42
ORD-00828,2022-08-21,Standard Class,CUST-0178,Customer_178,Home Office,California_City2,California,West,Technology,Copiers,Brother Printer,487.68,7,0.0,3413.76,891.86
ORD-00677,2022-08-22,Second Class,CUST-0043,Customer_43,Corporate,Nevada_City2,Nevada,West,Technology,Copiers,Xerox WorkCentre,408.12,9,0.05,3489.43,634.07
ORD-00911,2022-08-24,First Class,CUST-0261,Customer_261,Consumer,Nevada_City4,Nevada,West,Technology,Computers,HP Spectre,446.64,7,0.05,2970.16,481.86
ORD-00042,2022-08-24,Standard Class,CUST-0053,Customer_53,Consumer,Michigan_City1,Michigan,Central,Technology,Phones,iPhone 14,1570.93,5,0.3,5498.26,899.86
ORD-00113,2022-08-25,Second Class,CUST-0231,Customer_231,Corporate,Louisiana_City5,Louisiana,South,Furniture,Tables,Round Table,1198.28,9,0.4,6470.71,914.48
ORD-00636,2022-08-26,First Class,CUST-0250,Customer_250,Corporate,Virginia_City5,Virginia,East,Office Supplies,Art,Color Pencils,136.96,2,0.1,246.53,50.56
ORD-00952,2022-08-28,Standard Class,CUST-0110,Customer_110,Corporate,Pennsylvania_City4,Pennsylvania,East,Technology,Phones,Samsung Galaxy,825.85,4,0.1,2973.06,589.1
ORD-00987,2022-08-28,Second Class,CUST-0177,Customer_177,Corporate,Arizona_City2,Arizona,West,Office Supplies,Art,Marker Set,140.65,2,0.0,281.3,46.18
ORD-00974,2022-08-28,Standard Class,CUST-0152,Customer_152,Consumer,Arizona_City3,Arizona,West,Furniture,Chairs,Mesh Chair,822.27,2,0.0,1644.54,192.71
ORD-00951,2022-08-29,Standard Class,CUST-0101,Customer_101,Home Office,Louisiana_City1,Louisiana,South,Office Supplies,Envelopes,Padded Mailer,132.6,9,0.0,1193.4,237.3
ORD-00404,2022-08-29,Standard Class,CUST-0250,Customer_250,Corporate,Louisiana_City5,Louisiana,South,Office Supplies,Labels,Color Dot Labels,93.06,4,0.0,372.24,76.69
ORD-00666,2022-08-30,Standard Class,CUST-0285,Customer_285,Consumer,Virginia_City2,Virginia,East,Furniture,Bookcases,5-Shelf Unit,327.24,2,0.0,654.48,60.18
ORD-00235,2022-08-31,Standard Class,CUST-0254,Customer_254,Consumer,Oregon_City5,Oregon,West,Furniture,Bookcases,Oak Bookcase,999.99,6,0.2,4799.95,434.4
ORD-00709,2022-09-01,Standard Class,CUST-0282,Customer_282,Corporate,Michigan_City1,Michigan,Central,Furniture,Bookcases,Metal Shelf,1104.15,3,0.0,3312.45,354.47
ORD-00506,2022-09-04,First Class,CUST-0141,Customer_141,Consumer,Texas_City3,Texas,Central,Furniture,Chairs,Guest Chair,966.04,2,0.15,1642.27,273.46
ORD-00849,2022-09-04,Second Class,CUST-0296,Customer_296,Home Office,Oregon_City3,Oregon,West,Furniture,Tables,Standing Desk,904.42,7,0.15,5381.3,241.75
ORD-00123,2022-09-04,Standard Class,CUST-0036,Customer_36,Home Office,California_City2,California,West,Office Supplies,Binders,Portfolio,123.64,1,0.05,117.46,14.24
ORD-00939,2022-09-05,Standard Class,CUST-0293,Customer_293,Consumer,Florida_City2,Florida,East,Office Supplies,Paper,Recycled Paper,192.54,9,0.0,1732.86,187.48
ORD-00906,2022-09-06,First Class,CUST-0216,Customer_216,Consumer,Tennessee_City2,Tennessee,South,Technology,Computers,Lenovo ThinkPad,1579.22,9,0.15,12081.03,3041.12
ORD-00290,2022-09-06,Standard Class,CUST-0256,Customer_256,Corporate,Georgia_City2,Georgia,South,Office Supplies,Paper,Glossy Paper,9.19,7,0.2,51.46,11.36
ORD-00268,2022-09-07,Same Day,CUST-0004,Customer_4,Consumer,Louisiana_City4,Louisiana,South,Technology,Computers,MacBook Pro,284.94,2,0.2,455.9,122.36
ORD-00398,2022-09-08,First Class,CUST-0010,Customer_10,Corporate,North Carolina_City3,North Carolina,South,Furniture,Tables,Conference Table,916.71,9,0.4,4950.23,742.77
ORD-00410,2022-09-09,Standard Class,CUST-0280,Customer_280,Consumer,Alabama_City5,Alabama,South,Office Supplies,Art,Whiteboard,148.36,7,0.0,1038.52,165.97
ORD-00577,2022-09-10,Second Class,CUST-0220,Customer_220,Corporate,New York_City3,New York,East,Furniture,Chairs,Executive Chair,1107.78,9,0.1,8973.02,643.19
ORD-00943,2022-09-11,First Class,CUST-0287,Customer_287,Corporate,California_City4,California,West,Office Supplies,Storage,Drawer Organizer,129.3,3,0.3,271.53,61.71
ORD-00670,2022-09-12,Standard Class,CUST-0069,Customer_69,Corporate,Pennsylvania_City4,Pennsylvania,East,Furniture,Bookcases,5-Shelf Unit,874.79,3,0.0,2624.37,257.16
ORD-00287,2022-09-12,Standard Class,CUST-0191,Customer_191,Corporate,Arizona_City4,Arizona,West,Technology,Accessories,Logitech Mouse,1001.04,5,0.15,4254.42,891.9
ORD-00413,2022-09-15,Standard Class,CUST-0160,Customer_160,Home Office,Missouri_City3,Missouri,Central,Office Supplies,Art,Color Pencils,127.98,9,0.0,1151.82,127.1
ORD-00751,2022-09-15,Standard Class,CUST-0273,Customer_273,Home Office,Illinois_City5,Illinois,Central,Furniture,Bookcases,5-Shelf Unit,609.2,9,0.0,5482.8,581.77
ORD-00699,2022-09-15,First Class,CUST-0022,Customer_22,Corporate,Illinois_City4,Illinois,Central,Technology,Computers,Dell Laptop,1671.5,7,0.0,11700.5,2735.49
ORD-00711,2022-09-18,Standard Class,CUST-0047,Customer_47,Corporate,Oregon_City3,Oregon,West,Technology,Copiers,Canon Copier,1319.38,4,0.5,2638.76,449.01
ORD-00357,2022-09-18,Standard Class,CUST-0117,Customer_117,Home Office,Georgia_City2,Georgia,South,Furniture,Chairs,Guest Chair,303.22,4,0.0,1212.88,107.28
ORD-00640,2022-09-20,Second Class,CUST-0268,Customer_268,Consumer,Georgia_City1,Georgia,South,Furniture,Chairs,Executive Chair,885.05,7,0.1,5575.82,242.18
ORD-00650,2022-09-20,Standard Class,CUST-0075,Customer_75,Consumer,Tennessee_City3,Tennessee,South,Office Supplies,Labels,Color Dot Labels,133.5,5,0.0,667.5,122.74
ORD-00136,2022-09-22,Standard Class,CUST-0028,Customer_28,Consumer,Arizona_City5,Arizona,West,Office Supplies,Labels,Name Badge,198.72,3,0.0,596.16,129.37
ORD-00746,2022-09-22,Standard Class,CUST-0192,Customer_192,Consumer,Missouri_City3,Missouri,Central,Technology,Computers,Lenovo ThinkPad,324.63,9,0.05,2775.59,737.55
ORD-00328,2022-09-24,Standard Class,CUST-0125,Customer_125,Consumer,Missouri_City4,Missouri,Central,Office Supplies,Paper,Glossy Paper,161.02,8,0.05,1223.75,173.25
ORD-00968,2022-09-25,Standard Class,CUST-0210,Customer_210,Consumer,Nevada_City4,Nevada,West,Technology,Copiers,Xerox WorkCentre,551.07,2,0.0,1102.14,267.43
ORD-00400,2022-09-26,Second Class,CUST-0100,Customer_100,Consumer,North Carolina_City3,North Carolina,South,Furniture,Bookcases,Corner Bookcase,677.75,6,0.05,3863.18,636.07
ORD-00431,2022-09-28,Standard Class,CUST-0215,Customer_215,Corporate,Florida_City2,Florida,East,Furniture,Chairs,Guest Chair,865.73,9,0.5,3895.78,202.99
ORD-00818,2022-09-29,Second Class,CUST-0140,Customer_140,Corporate,New York_City3,New York,East,Office Supplies,Paper,Recycled Paper,99.91,1,0.0,99.91,19.25
ORD-00567,2022-09-30,Standard Class,CUST-0272,Customer_272,Corporate,Nevada_City5,Nevada,West,Office Supplies,Art,Whiteboard,6.2,1,0.0,6.2,1.34
ORD-00570,2022-10-01,Standard Class,CUST-0122,Customer_122,Consumer,California_City1,California,West,Furniture,Furnishings,Rug,896.84,8,0.3,5022.3,730.77
ORD-00154,2022-10-01,First Class,CUST-0172,Customer_172,Home Office,Oregon_City5,Oregon,West,Technology,Phones,Samsung Galaxy,572.79,3,0.0,1718.37,371.92
ORD-00239,2022-10-05,First Class,CUST-0153,Customer_153,Consumer,California_City1,California,West,Furniture,Furnishings,Lamp Set,1038.04,2,0.1,1868.47,296.64
ORD-00380,2022-10-05,Second Class,CUST-0144,Customer_144,Corporate,Florida_City2,Florida,East,Technology,Phones,Google Pixel,860.87,1,0.15,731.74,185.02
ORD-00396,2022-10-05,Second Class,CUST-0023,Customer_23,Consumer,New York_City1,New York,East,Office Supplies,Storage,Filing Cabinet,66.02,8,0.0,528.16,73.9
ORD-00263,2022-10-06,Standard Class,CUST-0277,Customer_277,Consumer,Louisiana_City3,Louisiana,South,Technology,Copiers,Xerox WorkCentre,269.57,8,0.0,2156.56,358.54
ORD-00079,2022-10-07,Second Class,CUST-0063,Customer_63,Home Office,New Jersey_City2,New Jersey,East,Office Supplies,Binders,3-Ring Binder,16.84,9,0.4,90.94,15.6
ORD-00792,2022-10-07,Standard Class,CUST-0243,Customer_243,Corporate,Pennsylvania_City3,Pennsylvania,East,Office Supplies,Art,Sketch Pad,15.36,9,0.05,131.33,22.34
ORD-00074,2022-10-09,First Class,CUST-0015,Customer_15,Consumer,Missouri_City1,Missouri,Central,Office Supplies,Storage,Shelf Rack,45.7,7,0.0,319.9,70.96
ORD-00655,2022-10-09,Second Class,CUST-0294,Customer_294,Corporate,California_City3,California,West,Technology,Accessories,Keyboard Wireless,713.41,7,0.0,4993.87,709.13
ORD-00260,2022-10-10,Same Day,CUST-0283,Customer_283,Home Office,Ohio_City2,Ohio,Central,Office Supplies,Labels,Sticky Notes,8.59,5,0.0,42.95,9.69
ORD-00270,2022-10-10,Second Class,CUST-0192,Customer_192,Home Office,California_City2,California,West,Technology,Computers,Dell Laptop,213.33,8,0.0,1706.64,250.04
ORD-00893,2022-10-11,Standard Class,CUST-0038,Customer_38,Corporate,Tennessee_City5,Tennessee,South,Office Supplies,Paper,Recycled Paper,59.79,2,0.0,119.58,19.95
ORD-00462,2022-10-12,Standard Class,CUST-0273,Customer_273,Consumer,California_City1,California,West,Furniture,Furnishings,Rug,296.75,4,0.4,712.2,42.02
ORD-00865,2022-10-14,Standard Class,CUST-0089,Customer_89,Consumer,Pennsylvania_City4,Pennsylvania,East,Technology,Computers,MacBook Pro,749.67,7,0.1,4722.92,1007.87
ORD-00483,2022-10-17,Standard Class,CUST-0144,Customer_144,Consumer,Arizona_City4,Arizona,West,Furniture,Tables,Conference Table,187.35,8,0.1,1348.92,146.09
ORD-00781,2022-10-20,Standard Class,CUST-0289,Customer_289,Consumer,Arizona_City4,Arizona,West,Technology,Phones,Google Pixel,895.56,5,0.15,3806.13,853.85
ORD-00858,2022-10-22,Standard Class,CUST-0005,Customer_5,Consumer,Ohio_City4,Ohio,Central,Technology,Copiers,HP LaserJet,1386.7,8,0.0,11093.6,2091.38
ORD-00417,2022-10-22,Second Class,CUST-0033,Customer_33,Home Office,Ohio_City2,Ohio,Central,Office Supplies,Paper,Glossy Paper,64.39,4,0.1,231.8,39.51
ORD-00603,2022-10-23,First Class,CUST-0177,Customer_177,Corporate,Ohio_City5,Ohio,Central,Furniture,Furnishings,Curtains,1026.65,4,0.15,3490.61,558.13
ORD-00760,2022-10-23,Same Day,CUST-0025,Customer_25,Consumer,North Carolina_City3,North Carolina,South,Office Supplies,Art,Whiteboard,78.89,9,0.0,710.01,119.38
ORD-00794,2022-10-25,Standard Class,CUST-0040,Customer_40,Consumer,Pennsylvania_City5,Pennsylvania,East,Office Supplies,Labels,Color Dot Labels,165.05,7,0.1,1039.82,162.37
ORD-00131,2022-10-26,Standard Class,CUST-0170,Customer_170,Corporate,California_City2,California,West,Furniture,Bookcases,Oak Bookcase,536.8,5,0.0,2684.0,213.33
ORD-00909,2022-10-27,First Class,CUST-0157,Customer_157,Consumer,Oregon_City3,Oregon,West,Office Supplies,Binders,Presentation Folder,33.29,6,0.0,199.74,21.72
ORD-00070,2022-10-27,First Class,CUST-0252,Customer_252,Consumer,Pennsylvania_City5,Pennsylvania,East,Technology,Accessories,Keyboard Wireless,786.17,6,0.15,4009.47,981.91
ORD-00614,2022-10-28,Second Class,CUST-0197,Customer_197,Corporate,Michigan_City5,Michigan,Central,Office Supplies,Binders,Presentation Folder,51.34,3,0.2,123.22,17.65
ORD-00402,2022-10-31,Standard Class,CUST-0180,Customer_180,Consumer,Michigan_City4,Michigan,Central,Furniture,Bookcases,Oak Bookcase,965.61,4,0.05,3669.32,563.46
ORD-00537,2022-11-01,Standard Class,CUST-0001,Customer_1,Consumer,Washington_City3,Washington,West,Technology,Accessories,Webcam HD,1040.63,7,0.0,7284.41,1838.48
ORD-00975,2022-11-01,First Class,CUST-0025,Customer_25,Consumer,Virginia_City5,Virginia,East,Technology,Phones,Google Pixel,1536.73,7,0.0,10757.11,2857.04
ORD-00534,2022-11-02,Second Class,CUST-0126,Customer_126,Consumer,New York_City5,New York,East,Office Supplies,Paper,Glossy Paper,61.0,7,0.05,405.65,90.21
ORD-00363,2022-11-04,Second Class,CUST-0001,Customer_1,Consumer,Texas_City1,Texas,Central,Office Supplies,Paper,Glossy Paper,50.28,8,0.0,402.24,69.31
ORD-00890,2022-11-04,Standard Class,CUST-0289,Customer_289,Consumer,North Carolina_City5,North Carolina,South,Furniture,Furnishings,Rug,1036.59,6,0.15,5286.61,777.78
ORD-00784,2022-11-07,Second Class,CUST-0198,Customer_198,Corporate,Michigan_City2,Michigan,Central,Furniture,Bookcases,Oak Bookcase,198.22,5,0.1,891.99,76.49
ORD-00395,2022-11-08,Same Day,CUST-0222,Customer_222,Consumer,Ohio_City4,Ohio,Central,Technology,Copiers,Xerox WorkCentre,808.6,5,0.0,4043.0,650.47
ORD-00174,2022-11-08,First Class,CUST-0224,Customer_224,Corporate,Arizona_City2,Arizona,West,Office Supplies,Storage,Storage Box,72.85,2,0.1,131.13,18.92
ORD-00494,2022-11-09,First Class,CUST-0215,Customer_215,Consumer,New Jersey_City1,New Jersey,East,Technology,Computers,Dell Laptop,1566.13,7,0.0,10962.91,1947.76
ORD-00646,2022-11-09,Standard Class,CUST-0255,Customer_255,Home Office,Virginia_City5,Virginia,East,Office Supplies,Storage,Filing Cabinet,21.98,7,0.0,153.86,23.6
ORD-00370,2022-11-10,Standard Class,CUST-0089,Customer_89,Home Office,New York_City2,New York,East,Office Supplies,Envelopes,Bubble Wrap,143.84,7,0.3,704.82,103.04
ORD-00874,2022-11-11,Second Class,CUST-0063,Customer_63,Consumer,Virginia_City3,Virginia,East,Office Supplies,Binders,3-Ring Binder,61.4,4,0.0,245.6,37.29
ORD-00344,2022-11-12,Standard Class,CUST-0047,Customer_47,Corporate,California_City5,California,West,Office Supplies,Storage,Storage Box,176.53,3,0.0,529.59,117.29
ORD-00855,2022-11-12,Standard Class,CUST-0291,Customer_291,Consumer,New Jersey_City4,New Jersey,East,Furniture,Bookcases,Corner Bookcase,1078.91,9,0.05,9224.68,645.86
ORD-00780,2022-11-14,Standard Class,CUST-0229,Customer_229,Consumer,Louisiana_City4,Louisiana,South,Technology,Computers,HP Spectre,1709.33,7,0.0,11965.31,2674.75
ORD-00312,2022-11-15,Standard Class,CUST-0026,Customer_26,Corporate,California_City4,California,West,Technology,Phones,iPhone 14,1251.09,3,0.0,3753.27,740.74
ORD-00428,2022-11-18,Standard Class,CUST-0253,Customer_253,Corporate,Pennsylvania_City2,Pennsylvania,East,Furniture,Tables,Standing Desk,224.49,4,0.0,897.96,85.68
ORD-00482,2022-11-19,Standard Class,CUST-0151,Customer_151,Consumer,Illinois_City3,Illinois,Central,Technology,Computers,MacBook Pro,856.24,6,0.0,5137.44,1248.34
ORD-00517,2022-11-20,Standard Class,CUST-0217,Customer_217,Consumer,New York_City1,New York,East,Office Supplies,Paper,Glossy Paper,112.34,2,0.0,224.68,44.53
ORD-00611,2022-11-20,Second Class,CUST-0105,Customer_105,Consumer,Missouri_City5,Missouri,Central,Technology,Computers,MacBook Pro,250.61,9,0.0,2255.49,574.11
ORD-00029,2022-11-21,Second Class,CUST-0175,Customer_175,Consumer,New Jersey_City5,New Jersey,East,Furniture,Chairs,Mesh Chair,1014.48,8,0.0,8115.84,641.09
ORD-00538,2022-11-23,Second Class,CUST-0190,Customer_190,Consumer,Texas_City4,Texas,Central,Furniture,Bookcases,Oak Bookcase,1194.53,7,0.1,7525.54,1119.57
ORD-00164,2022-11-24,Same Day,CUST-0113,Customer_113,Consumer,Illinois_City2,Illinois,Central,Technology,Accessories,Keyboard Wireless,1303.35,7,0.0,9123.45,2457.91
ORD-00887,2022-11-25,Standard Class,CUST-0015,Customer_15,Consumer,Michigan_City3,Michigan,Central,Technology,Accessories,USB Hub,658.91,7,0.15,3920.51,926.84
ORD-00988,2022-11-25,Standard Class,CUST-0148,Customer_148,Consumer,Arizona_City4,Arizona,West,Technology,Phones,Nokia G50,605.34,7,0.3,2966.17,665.19
ORD-00198,2022-11-26,First Class,CUST-0259,Customer_259,Home Office,Arizona_City2,Arizona,West,Furniture,Bookcases,5-Shelf Unit,418.76,7,0.0,2931.32,223.42
ORD-00844,2022-11-28,First Class,CUST-0236,Customer_236,Consumer,Nevada_City2,Nevada,West,Furniture,Bookcases,Metal Shelf,875.37,6,0.15,4464.39,748.15
ORD-00111,2022-11-28,Standard Class,CUST-0179,Customer_179,Home Office,Arizona_City3,Arizona,West,Office Supplies,Storage,Shelf Rack,70.82,5,0.15,300.98,49.77
ORD-00025,2022-11-28,Standard Class,CUST-0170,Customer_170,Consumer,Nevada_City4,Nevada,West,Technology,Phones,Nokia G50,498.6,7,0.2,2792.16,521.45
ORD-00686,2022-11-29,Standard Class,CUST-0281,Customer_281,Consumer,Illinois_City4,Illinois,Central,Technology,Copiers,HP LaserJet,1537.88,1,0.3,1076.52,234.59
ORD-00620,2022-11-29,Second Class,CUST-0202,Customer_202,Home Office,New York_City3,New York,East,Furniture,Bookcases,Oak Bookcase,963.44,1,0.0,963.44,140.64
ORD-00586,2022-11-30,Standard Class,CUST-0046,Customer_46,Consumer,Virginia_City1,Virginia,East,Furniture,Chairs,Ergonomic Chair,555.35,9,0.15,4248.43,270.99
ORD-00300,2022-12-04,Second Class,CUST-0288,Customer_288,Corporate,Missouri_City3,Missouri,Central,Furniture,Bookcases,5-Shelf Unit,1176.07,4,0.0,4704.28,750.22
ORD-00644,2022-12-06,Standard Class,CUST-0251,Customer_251,Corporate,Florida_City4,Florida,East,Furniture,Bookcases,5-Shelf Unit,855.76,8,0.0,6846.08,533.94
ORD-00035,2022-12-06,Standard Class,CUST-0021,Customer_21,Home Office,Nevada_City4,Nevada,West,Technology,Accessories,Logitech Mouse,621.36,2,0.3,869.9,185.56
ORD-00854,2022-12-08,Second Class,CUST-0286,Customer_286,Corporate,Virginia_City1,Virginia,East,Technology,Computers,Lenovo ThinkPad,325.18,7,0.0,2276.26,432.77
ORD-00379,2022-12-09,Same Day,CUST-0154,Customer_154,Home Office,Alabama_City5,Alabama,South,Technology,Computers,HP Spectre,631.77,1,0.0,631.77,145.6
ORD-00938,2022-12-09,Standard Class,CUST-0133,Customer_133,Consumer,Arizona_City2,Arizona,West,Office Supplies,Labels,Sticky Notes,137.31,7,0.3,672.82,77.83
ORD-00580,2022-12-13,Second Class,CUST-0192,Customer_192,Consumer,Washington_City1,Washington,West,Technology,Copiers,Brother Printer,970.39,7,0.1,6113.46,1589.92
ORD-00778,2022-12-14,Same Day,CUST-0282,Customer_282,Home Office,Oregon_City2,Oregon,West,Furniture,Tables,Round Table,1104.52,7,0.3,5412.15,851.57
ORD-00280,2022-12-16,Standard Class,CUST-0037,Customer_37,Home Office,Michigan_City1,Michigan,Central,Furniture,Furnishings,Wall Art,518.77,4,0.0,2075.08,346.18
ORD-00547,2022-12-18,First Class,CUST-0149,Customer_149,Consumer,Texas_City1,Texas,Central,Office Supplies,Paper,Cardstock,143.17,8,0.2,916.29,119.45
ORD-00356,2022-12-18,Second Class,CUST-0229,Customer_229,Consumer,Michigan_City5,Michigan,Central,Furniture,Furnishings,Curtains,217.45,6,0.0,1304.7,133.48
ORD-00367,2022-12-21,Second Class,CUST-0126,Customer_126,Consumer,Oregon_City5,Oregon,West,Furniture,Furnishings,Curtains,624.26,4,0.1,2247.34,127.35
ORD-00505,2022-12-22,Standard Class,CUST-0174,Customer_174,Consumer,Missouri_City4,Missouri,Central,Office Supplies,Art,Whiteboard,121.02,6,0.2,580.9,98.61
ORD-00647,2022-12-22,Second Class,CUST-0207,Customer_207,Home Office,Pennsylvania_City4,Pennsylvania,East,Technology,Copiers,Xerox WorkCentre,947.0,6,0.0,5682.0,1209.38
ORD-00961,2022-12-23,Standard Class,CUST-0291,Customer_291,Home Office,Tennessee_City1,Tennessee,South,Office Supplies,Envelopes,Business Envelope,111.78,7,0.05,743.34,83.05
ORD-00335,2022-12-26,First Class,CUST-0101,Customer_101,Corporate,North Carolina_City2,North Carolina,South,Office Supplies,Paper,Glossy Paper,195.28,1,0.0,195.28,26.89
ORD-00190,2022-12-27,Second Class,CUST-0098,Customer_98,Consumer,New Jersey_City5,New Jersey,East,Technology,Phones,Google Pixel,553.28,3,0.0,1659.84,438.81
ORD-00618,2022-12-28,Standard Class,CUST-0053,Customer_53,Corporate,New York_City2,New York,East,Technology,Computers,Dell Laptop,683.71,8,0.2,4375.74,1064.61
ORD-00058,2022-12-29,Standard Class,CUST-0270,Customer_270,Consumer,Washington_City2,Washington,West,Technology,Copiers,Canon Copier,1536.31,4,0.1,5530.72,1366.31
ORD-00331,2023-01-03,Same Day,CUST-0180,Customer_180,Consumer,Louisiana_City4,Louisiana,South,Technology,Phones,iPhone 14,1328.22,4,0.15,4515.95,1016.63
ORD-00912,2023-01-05,Standard Class,CUST-0157,Customer_157,Corporate,Texas_City2,Texas,Central,Office Supplies,Labels,Address Label,101.71,9,0.0,915.39,97.53
ORD-00950,2023-01-06,Standard Class,CUST-0257,Customer_257,Home Office,Louisiana_City1,Louisiana,South,Technology,Phones,Nokia G50,357.24,2,0.15,607.31,101.7
ORD-00034,2023-01-06,Same Day,CUST-0135,Customer_135,Corporate,Louisiana_City2,Louisiana,South,Office Supplies,Binders,Portfolio,62.66,6,0.2,300.77,49.99
ORD-00668,2023-01-10,Second Class,CUST-0184,Customer_184,Consumer,Missouri_City4,Missouri,Central,Office Supplies,Storage,Drawer Organizer,67.1,3,0.0,201.3,20.75
ORD-00804,2023-01-11,Standard Class,CUST-0094,Customer_94,Consumer,Virginia_City4,Virginia,East,Furniture,Tables,Conference Table,699.63,3,0.0,2098.89,329.51
ORD-00043,2023-01-11,Standard Class,CUST-0092,Customer_92,Consumer,Ohio_City5,Ohio,Central,Technology,Phones,Samsung Galaxy,1441.63,6,0.0,8649.78,1793.37
ORD-00091,2023-01-12,Second Class,CUST-0033,Customer_33,Consumer,Virginia_City1,Virginia,East,Office Supplies,Art,Marker Set,192.31,9,0.2,1384.63,291.65
ORD-00592,2023-01-12,Standard Class,CUST-0010,Customer_10,Corporate,Missouri_City5,Missouri,Central,Furniture,Chairs,Mesh Chair,689.47,1,0.3,482.63,80.24
ORD-00135,2023-01-14,Standard Class,CUST-0284,Customer_284,Consumer,Arizona_City4,Arizona,West,Technology,Computers,MacBook Pro,1028.17,5,0.1,4626.77,1224.75
ORD-00392,2023-01-16,Second Class,CUST-0100,Customer_100,Consumer,California_City3,California,West,Technology,Accessories,Webcam HD,847.79,3,0.0,2543.37,451.36
ORD-00329,2023-01-17,Standard Class,CUST-0150,Customer_150,Corporate,New York_City2,New York,East,Furniture,Chairs,Ergonomic Chair,1048.85,6,0.05,5978.44,800.94
ORD-00971,2023-01-18,Standard Class,CUST-0251,Customer_251,Consumer,Virginia_City3,Virginia,East,Office Supplies,Storage,Filing Cabinet,9.62,7,0.0,67.34,9.96
ORD-00055,2023-01-18,First Class,CUST-0044,Customer_44,Consumer,Georgia_City3,Georgia,South,Furniture,Chairs,Mesh Chair,221.51,3,0.2,531.62,58.61
ORD-00995,2023-01-20,First Class,CUST-0141,Customer_141,Home Office,Pennsylvania_City2,Pennsylvania,East,Technology,Accessories,Logitech Mouse,1645.43,8,0.0,13163.44,2456.21
ORD-00980,2023-01-20,Second Class,CUST-0285,Customer_285,Corporate,Louisiana_City3,Louisiana,South,Technology,Phones,iPhone 14,1570.31,8,0.05,11934.36,2581.58
ORD-00563,2023-01-26,Second Class,CUST-0259,Customer_259,Consumer,Arizona_City2,Arizona,West,Technology,Phones,Nokia G50,1464.31,2,0.0,2928.62,648.71
ORD-00641,2023-01-26,Same Day,CUST-0054,Customer_54,Corporate,Virginia_City2,Virginia,East,Furniture,Chairs,Mesh Chair,674.58,6,0.1,3642.73,572.53
ORD-00323,2023-01-27,Standard Class,CUST-0051,Customer_51,Consumer,Virginia_City3,Virginia,East,Office Supplies,Binders,Clip Binder,69.21,1,0.2,55.37,11.22
ORD-00283,2023-01-27,First Class,CUST-0095,Customer_95,Home Office,North Carolina_City1,North Carolina,South,Office Supplies,Storage,Filing Cabinet,66.51,3,0.0,199.53,23.22
ORD-00057,2023-01-29,Standard Class,CUST-0202,Customer_202,Home Office,Virginia_City2,Virginia,East,Technology,Phones,Samsung Galaxy,306.69,4,0.1,1104.08,205.12
ORD-00583,2023-01-29,First Class,CUST-0212,Customer_212,Home Office,Illinois_City4,Illinois,Central,Office Supplies,Storage,Storage Box,109.71,9,0.2,789.91,132.44
ORD-00156,2023-02-04,Second Class,CUST-0160,Customer_160,Corporate,Nevada_City1,Nevada,West,Technology,Copiers,Xerox WorkCentre,347.05,2,0.0,694.1,132.32
ORD-00127,2023-02-05,Standard Class,CUST-0243,Customer_243,Consumer,New York_City1,New York,East,Furniture,Chairs,Mesh Chair,1118.76,8,0.1,8055.07,1018.04
ORD-00913,2023-02-07,Second Class,CUST-0047,Customer_47,Corporate,New Jersey_City5,New Jersey,East,Furniture,Tables,Folding Table,1192.94,6,0.4,4294.58,210.0
ORD-00571,2023-02-08,Standard Class,CUST-0164,Customer_164,Corporate,Louisiana_City1,Louisiana,South,Technology,Computers,HP Spectre,1185.59,8,0.05,9010.48,1382.05
ORD-00856,2023-02-12,Standard Class,CUST-0213,Customer_213,Consumer,Missouri_City2,Missouri,Central,Furniture,Chairs,Guest Chair,197.29,1,0.15,167.7,19.05
ORD-00040,2023-02-15,First Class,CUST-0242,Customer_242,Consumer,Michigan_City3,Michigan,Central,Furniture,Tables,Round Table,304.09,2,0.2,486.54,82.5
ORD-00408,2023-02-16,Standard Class,CUST-0004,Customer_4,Home Office,Oregon_City3,Oregon,West,Office Supplies,Paper,Glossy Paper,106.15,9,0.2,764.28,141.62
ORD-00225,2023-02-16,Standard Class,CUST-0208,Customer_208,Corporate,New York_City4,New York,East,Technology,Copiers,HP LaserJet,713.18,6,0.05,4065.13,1066.06
ORD-00610,2023-02-16,Second Class,CUST-0098,Customer_98,Corporate,Virginia_City1,Virginia,East,Technology,Computers,HP Spectre,703.2,2,0.0,1406.4,368.89
ORD-00539,2023-02-16,Standard Class,CUST-0191,Customer_191,Consumer,Oregon_City2,Oregon,West,Office Supplies,Storage,Shelf Rack,74.0,3,0.0,222.0,43.19
ORD-00533,2023-02-16,Standard Class,CUST-0220,Customer_220,Consumer,Oregon_City2,Oregon,West,Furniture,Bookcases,Corner Bookcase,1184.91,5,0.0,5924.55,881.75
ORD-00067,2023-02-17,Standard Class,CUST-0053,Customer_53,Home Office,Washington_City2,Washington,West,Technology,Computers,Lenovo ThinkPad,1041.31,6,0.2,4998.29,938.36
ORD-00892,2023-02-18,Second Class,CUST-0157,Customer_157,Corporate,Arizona_City4,Arizona,West,Technology,Accessories,Keyboard Wireless,412.06,6,0.15,2101.51,304.1
ORD-00052,2023-02-18,Standard Class,CUST-0260,Customer_260,Corporate,Ohio_City1,Ohio,Central,Technology,Copiers,Canon Copier,1180.86,4,0.2,3778.75,757.63
ORD-00032,2023-02-18,Second Class,CUST-0244,Customer_244,Corporate,Michigan_City3,Michigan,Central,Furniture,Chairs,Executive Chair,175.76,9,0.0,1581.84,162.93
ORD-00502,2023-02-19,First Class,CUST-0253,Customer_253,Corporate,New York_City2,New York,East,Technology,Copiers,HP LaserJet,1275.34,4,0.0,5101.36,823.89
ORD-00706,2023-02-19,Same Day,CUST-0078,Customer_78,Corporate,Washington_City5,Washington,West,Furniture,Bookcases,Metal Shelf,346.17,1,0.0,346.17,37.44
ORD-00867,2023-02-20,Standard Class,CUST-0295,Customer_295,Corporate,New York_City2,New York,East,Furniture,Furnishings,Wall Art,615.76,6,0.15,3140.38,194.93
ORD-00949,2023-02-21,Standard Class,CUST-0267,Customer_267,Home Office,Pennsylvania_City4,Pennsylvania,East,Office Supplies,Art,Marker Set,57.08,9,0.1,462.35,64.83
ORD-00104,2023-02-21,Standard Class,CUST-0005,Customer_5,Home Office,Florida_City1,Florida,East,Technology,Copiers,Xerox WorkCentre,772.74,9,0.1,6259.19,1439.9
ORD-00923,2023-02-23,Standard Class,CUST-0069,Customer_69,Consumer,Louisiana_City5,Louisiana,South,Furniture,Chairs,Executive Chair,227.59,5,0.5,568.98,79.27
ORD-00350,2023-02-23,Standard Class,CUST-0147,Customer_147,Corporate,Nevada_City2,Nevada,West,Office Supplies,Paper,Cardstock,91.39,4,0.0,365.56,38.62
ORD-00861,2023-02-24,Second Class,CUST-0132,Customer_132,Corporate,Texas_City4,Texas,Central,Technology,Computers,Lenovo ThinkPad,1213.9,3,0.15,3095.44,776.32
ORD-00488,2023-02-24,First Class,CUST-0042,Customer_42,Home Office,Virginia_City5,Virginia,East,Office Supplies,Labels,Name Badge,113.72,2,0.05,216.07,28.46
ORD-00837,2023-02-25,Standard Class,CUST-0101,Customer_101,Home Office,Nevada_City4,Nevada,West,Technology,Copiers,Canon Copier,578.8,9,0.0,5209.2,1040.83
ORD-00443,2023-02-26,First Class,CUST-0249,Customer_249,Home Office,Louisiana_City2,Louisiana,South,Furniture,Bookcases,5-Shelf Unit,976.13,1,0.0,976.13,158.96
ORD-00945,2023-02-27,Standard Class,CUST-0029,Customer_29,Consumer,Ohio_City5,Ohio,Central,Office Supplies,Labels,Name Badge,89.2,5,0.4,267.6,40.47
ORD-00384,2023-02-28,Standard Class,CUST-0220,Customer_220,Consumer,Florida_City3,Florida,East,Office Supplies,Envelopes,Kraft Envelope,17.9,4,0.0,71.6,11.96
ORD-00103,2023-02-28,First Class,CUST-0257,Customer_257,Consumer,Texas_City3,Texas,Central,Technology,Accessories,Webcam HD,1221.8,2,0.4,1466.16,386.34
ORD-00868,2023-03-02,First Class,CUST-0104,Customer_104,Consumer,Oregon_City1,Oregon,West,Office Supplies,Labels,Sticky Notes,104.97,7,0.2,587.83,130.28
ORD-00516,2023-03-08,First Class,CUST-0145,Customer_145,Consumer,Nevada_City1,Nevada,West,Furniture,Furnishings,Lamp Set,570.06,1,0.2,456.05,36.75
ORD-00500,2023-03-09,Standard Class,CUST-0009,Customer_9,Corporate,Illinois_City1,Illinois,Central,Furniture,Furnishings,Wall Art,558.65,5,0.0,2793.25,459.52
ORD-00507,2023-03-10,Same Day,CUST-0168,Customer_168,Consumer,New Jersey_City5,New Jersey,East,Furniture,Chairs,Executive Chair,295.16,3,0.1,796.93,135.22
ORD-00227,2023-03-11,Standard Class,CUST-0152,Customer_152,Corporate,Arizona_City1,Arizona,West,Technology,Accessories,Logitech Mouse,238.73,6,0.3,1002.67,159.71
ORD-00524,2023-03-18,Standard Class,CUST-0167,Customer_167,Corporate,Nevada_City1,Nevada,West,Office Supplies,Art,Marker Set,140.69,9,0.15,1076.28,168.41
ORD-00997,2023-03-20,Standard Class,CUST-0211,Customer_211,Consumer,Alabama_City1,Alabama,South,Furniture,Chairs,Executive Chair,455.74,7,0.1,2871.16,192.85
ORD-00266,2023-03-22,Standard Class,CUST-0284,Customer_284,Consumer,Illinois_City4,Illinois,Central,Technology,Phones,iPhone 14,1462.7,2,0.0,2925.4,698.39
ORD-00954,2023-03-22,Second Class,CUST-0001,Customer_1,Consumer,Missouri_City3,Missouri,Central,Technology,Phones,Nokia G50,1398.55,6,0.0,8391.3,1220.07
ORD-00082,2023-03-22,Standard Class,CUST-0163,Customer_163,Corporate,Washington_City2,Washington,West,Furniture,Chairs,Mesh Chair,557.55,5,0.3,1951.42,317.52
ORD-00572,2023-03-24,Standard Class,CUST-0090,Customer_90,Consumer,New Jersey_City3,New Jersey,East,Office Supplies,Storage,Shelf Rack,10.68,1,0.15,9.08,1.36
ORD-00994,2023-03-25,Standard Class,CUST-0224,Customer_224,Consumer,New York_City3,New York,East,Office Supplies,Labels,Sticky Notes,88.26,7,0.05,586.93,131.02
ORD-00888,2023-03-26,Standard Class,CUST-0111,Customer_111,Home Office,Missouri_City5,Missouri,Central,Office Supplies,Paper,A4 Ream,21.09,2,0.15,35.85,4.5
ORD-00362,2023-03-28,First Class,CUST-0122,Customer_122,Corporate,New Jersey_City5,New Jersey,East,Office Supplies,Art,Marker Set,50.03,4,0.1,180.11,33.31
ORD-00155,2023-03-29,Standard Class,CUST-0152,Customer_152,Corporate,Alabama_City5,Alabama,South,Technology,Copiers,HP LaserJet,1497.72,7,0.3,7338.83,1086.5
ORD-00090,2023-03-29,Second Class,CUST-0268,Customer_268,Consumer,Texas_City1,Texas,Central,Furniture,Tables,Round Table,1139.06,7,0.05,7574.75,426.81
ORD-00445,2023-03-30,Standard Class,CUST-0192,Customer_192,Home Office,New York_City1,New York,East,Office Supplies,Paper,Glossy Paper,29.09,5,0.1,130.9,20.18
ORD-00369,2023-03-30,First Class,CUST-0048,Customer_48,Home Office,Nevada_City4,Nevada,West,Furniture,Furnishings,Rug,765.18,3,0.2,1836.43,86.0
ORD-00788,2023-04-01,Standard Class,CUST-0095,Customer_95,Consumer,Missouri_City4,Missouri,Central,Technology,Copiers,HP LaserJet,404.09,4,0.0,1616.36,372.35
ORD-00693,2023-04-01,Standard Class,CUST-0122,Customer_122,Consumer,Ohio_City4,Ohio,Central,Office Supplies,Storage,Storage Box,109.03,9,0.1,883.14,164.24
ORD-00075,2023-04-02,Second Class,CUST-0065,Customer_65,Consumer,Washington_City4,Washington,West,Furniture,Chairs,Mesh Chair,640.55,1,0.0,640.55,63.88
ORD-00222,2023-04-02,Standard Class,CUST-0233,Customer_233,Consumer,Alabama_City4,Alabama,South,Technology,Phones,Nokia G50,1274.8,2,0.15,2167.16,528.16
ORD-00752,2023-04-05,First Class,CUST-0231,Customer_231,Corporate,Michigan_City4,Michigan,Central,Office Supplies,Labels,Name Badge,113.24,4,0.1,407.66,86.63
ORD-00403,2023-04-05,Standard Class,CUST-0223,Customer_223,Consumer,Arizona_City1,Arizona,West,Technology,Phones,Google Pixel,1033.04,6,0.2,4958.59,1170.96
ORD-00197,2023-04-05,Standard Class,CUST-0187,Customer_187,Consumer,Virginia_City5,Virginia,East,Office Supplies,Art,Marker Set,48.31,1,0.0,48.31,5.49
ORD-00253,2023-04-07,First Class,CUST-0022,Customer_22,Consumer,Tennessee_City3,Tennessee,South,Office Supplies,Labels,Name Badge,44.74,3,0.1,120.8,25.44
ORD-00796,2023-04-08,Standard Class,CUST-0036,Customer_36,Consumer,Missouri_City5,Missouri,Central,Furniture,Tables,Folding Table,1047.37,3,0.3,2199.48,297.68
ORD-00638,2023-04-09,Standard Class,CUST-0118,Customer_118,Consumer,Virginia_City2,Virginia,East,Technology,Computers,Dell Laptop,1359.31,8,0.0,10874.48,1661.45
ORD-00518,2023-04-09,First Class,CUST-0132,Customer_132,Consumer,North Carolina_City3,North Carolina,South,Technology,Phones,Nokia G50,668.53,8,0.05,5080.83,1292.99
ORD-00411,2023-04-12,Standard Class,CUST-0247,Customer_247,Corporate,Florida_City5,Florida,East,Furniture,Bookcases,Corner Bookcase,713.47,2,0.0,1426.94,212.42
ORD-00218,2023-04-13,Standard Class,CUST-0140,Customer_140,Consumer,California_City4,California,West,Furniture,Furnishings,Rug,954.45,3,0.0,2863.35,435.99
ORD-00336,2023-04-13,Second Class,CUST-0264,Customer_264,Corporate,Illinois_City2,Illinois,Central,Technology,Copiers,Xerox WorkCentre,432.24,1,0.0,432.24,78.59
ORD-00628,2023-04-13,Second Class,CUST-0205,Customer_205,Corporate,Louisiana_City4,Louisiana,South,Furniture,Bookcases,Oak Bookcase,1116.0,2,0.3,1562.4,163.92
ORD-00185,2023-04-14,Same Day,CUST-0184,Customer_184,Corporate,Oregon_City2,Oregon,West,Office Supplies,Labels,Color Dot Labels,64.43,4,0.1,231.95,44.75
ORD-00493,2023-04-15,Standard Class,CUST-0163,Customer_163,Corporate,Alabama_City1,Alabama,South,Furniture,Furnishings,Wall Art,140.39,6,0.05,800.22,78.22
ORD-00820,2023-04-16,First Class,CUST-0001,Customer_1,Consumer,California_City5,California,West,Technology,Accessories,USB Hub,1784.35,6,0.0,10706.1,1504.1
ORD-00779,2023-04-17,Standard Class,CUST-0226,Customer_226,Consumer,Washington_City2,Washington,West,Technology,Computers,HP Spectre,687.28,8,0.05,5223.33,1175.94
ORD-00401,2023-04-17,First Class,CUST-0290,Customer_290,Corporate,Nevada_City3,Nevada,West,Office Supplies,Labels,Name Badge,175.78,9,0.0,1582.02,298.75
ORD-00724,2023-04-17,Standard Class,CUST-0253,Customer_253,Consumer,Pennsylvania_City5,Pennsylvania,East,Furniture,Bookcases,Metal Shelf,213.23,1,0.0,213.23,32.02
ORD-00882,2023-04-20,Standard Class,CUST-0198,Customer_198,Corporate,Michigan_City5,Michigan,Central,Office Supplies,Labels,Color Dot Labels,37.97,3,0.5,56.96,9.87
ORD-00192,2023-04-22,Standard Class,CUST-0240,Customer_240,Consumer,Illinois_City1,Illinois,Central,Technology,Computers,Lenovo ThinkPad,1370.53,2,0.1,2466.95,369.47
ORD-00863,2023-04-22,Standard Class,CUST-0237,Customer_237,Consumer,Alabama_City4,Alabama,South,Technology,Copiers,Xerox WorkCentre,700.0,6,0.1,3780.0,683.84
ORD-00785,2023-04-24,Standard Class,CUST-0070,Customer_70,Corporate,Louisiana_City4,Louisiana,South,Office Supplies,Labels,Color Dot Labels,6.58,7,0.0,46.06,7.05
ORD-00345,2023-04-24,Standard Class,CUST-0144,Customer_144,Corporate,Pennsylvania_City5,Pennsylvania,East,Technology,Computers,Dell Laptop,1363.33,5,0.05,6475.82,997.62
ORD-00918,2023-04-24,First Class,CUST-0243,Customer_243,Consumer,Ohio_City5,Ohio,Central,Technology,Accessories,Webcam HD,537.37,5,0.1,2418.16,399.31
ORD-00341,2023-04-25,Standard Class,CUST-0103,Customer_103,Home Office,Pennsylvania_City5,Pennsylvania,East,Technology,Copiers,HP LaserJet,1717.76,3,0.0,5153.28,758.06
ORD-00800,2023-04-27,Standard Class,CUST-0075,Customer_75,Consumer,Washington_City2,Washington,West,Office Supplies,Labels,Name Badge,81.88,4,0.2,262.02,47.4
ORD-00441,2023-04-29,Standard Class,CUST-0217,Customer_217,Consumer,California_City1,California,West,Furniture,Bookcases,5-Shelf Unit,860.89,6,0.0,5165.34,578.64
ORD-00843,2023-04-30,Standard Class,CUST-0069,Customer_69,Consumer,Florida_City5,Florida,East,Technology,Computers,MacBook Pro,1109.04,3,0.0,3327.12,820.21
ORD-00492,2023-04-30,Standard Class,CUST-0133,Customer_133,Corporate,Ohio_City1,Ohio,Central,Furniture,Furnishings,Rug,818.6,5,0.5,2046.5,237.63
ORD-00831,2023-05-01,Standard Class,CUST-0138,Customer_138,Consumer,Ohio_City5,Ohio,Central,Office Supplies,Envelopes,Business Envelope,92.76,9,0.3,584.39,118.48
ORD-00976,2023-05-01,Standard Class,CUST-0180,Customer_180,Consumer,Georgia_City5,Georgia,South,Technology,Phones,Samsung Galaxy,1720.78,2,0.0,3441.56,541.57
ORD-00496,2023-05-02,Same Day,CUST-0235,Customer_235,Consumer,Nevada_City4,Nevada,West,Office Supplies,Art,Marker Set,168.41,6,0.15,858.89,182.26
ORD-00703,2023-05-03,First Class,CUST-0012,Customer_12,Consumer,Michigan_City5,Michigan,Central,Office Supplies,Binders,Portfolio,143.49,8,0.05,1090.52,138.9
ORD-00258,2023-05-09,Standard Class,CUST-0051,Customer_51,Corporate,Florida_City5,Florida,East,Technology,Accessories,Logitech Mouse,426.16,9,0.15,3260.12,680.76
ORD-00508,2023-05-09,Second Class,CUST-0170,Customer_170,Consumer,New York_City1,New York,East,Furniture,Bookcases,5-Shelf Unit,600.87,7,0.0,4206.09,571.41
ORD-00018,2023-05-10,Same Day,CUST-0277,Customer_277,Corporate,Oregon_City4,Oregon,West,Furniture,Tables,Folding Table,248.21,4,0.0,992.84,155.45
ORD-00588,2023-05-11,Standard Class,CUST-0253,Customer_253,Consumer,Arizona_City1,Arizona,West,Furniture,Bookcases,Corner Bookcase,1018.62,8,0.0,8148.96,752.2
ORD-00499,2023-05-11,Standard Class,CUST-0076,Customer_76,Consumer,Arizona_City4,Arizona,West,Office Supplies,Envelopes,Kraft Envelope,14.56,1,0.0,14.56,2.3
ORD-00407,2023-05-12,Standard Class,CUST-0257,Customer_257,Consumer,Virginia_City1,Virginia,East,Office Supplies,Envelopes,Kraft Envelope,199.19,6,0.5,597.57,112.82
ORD-00541,2023-05-14,Standard Class,CUST-0134,Customer_134,Consumer,North Carolina_City5,North Carolina,South,Furniture,Chairs,Guest Chair,718.9,3,0.1,1941.03,99.82
ORD-00009,2023-05-15,Standard Class,CUST-0215,Customer_215,Consumer,Michigan_City5,Michigan,Central,Office Supplies,Labels,Sticky Notes,50.37,7,0.4,211.55,31.87
ORD-00101,2023-05-15,Second Class,CUST-0101,Customer_101,Corporate,Arizona_City4,Arizona,West,Technology,Copiers,Canon Copier,864.3,7,0.1,5445.09,1377.77
ORD-00205,2023-05-15,Standard Class,CUST-0039,Customer_39,Corporate,Arizona_City4,Arizona,West,Technology,Computers,HP Spectre,336.13,7,0.0,2352.91,535.53
ORD-00024,2023-05-16,Standard Class,CUST-0059,Customer_59,Corporate,Oregon_City5,Oregon,West,Technology,Accessories,Logitech Mouse,503.64,9,0.5,2266.38,568.07
ORD-00231,2023-05-17,First Class,CUST-0116,Customer_116,Home Office,Michigan_City1,Michigan,Central,Technology,Copiers,Canon Copier,1784.25,8,0.1,12846.6,1988.23
ORD-00151,2023-05-17,Standard Class,CUST-0165,Customer_165,Corporate,Florida_City3,Florida,East,Office Supplies,Storage,Drawer Organizer,31.99,5,0.15,135.96,27.63
ORD-00308,2023-05-18,Standard Class,CUST-0176,Customer_176,Consumer,Illinois_City3,Illinois,Central,Furniture,Furnishings,Curtains,710.43,6,0.1,3836.32,469.85
ORD-00191,2023-05-18,Standard Class,CUST-0198,Customer_198,Home Office,New Jersey_City3,New Jersey,East,Furniture,Chairs,Ergonomic Chair,155.57,5,0.0,777.85,57.36
ORD-00940,2023-05-19,Standard Class,CUST-0127,Customer_127,Consumer,Louisiana_City3,Louisiana,South,Furniture,Tables,Round Table,851.16,5,0.2,3404.64,418.12
ORD-00737,2023-05-21,Same Day,CUST-0007,Customer_7,Consumer,Oregon_City3,Oregon,West,Furniture,Tables,Standing Desk,474.79,7,0.15,2825.0,279.5
ORD-00450,2023-05-21,Standard Class,CUST-0096,Customer_96,Home Office,Oregon_City4,Oregon,West,Technology,Computers,HP Spectre,814.54,6,0.0,4887.24,977.48
ORD-00645,2023-05-22,Standard Class,CUST-0112,Customer_112,Home Office,Florida_City3,Florida,East,Office Supplies,Envelopes,Bubble Wrap,120.89,7,0.3,592.36,108.02
ORD-00465,2023-05-24,Standard Class,CUST-0217,Customer_217,Corporate,North Carolina_City3,North Carolina,South,Technology,Accessories,USB Hub,695.23,3,0.15,1772.84,413.06
ORD-00317,2023-05-26,Standard Class,CUST-0264,Customer_264,Corporate,Missouri_City5,Missouri,Central,Office Supplies,Art,Marker Set,126.98,6,0.2,609.5,121.28
ORD-00582,2023-05-28,First Class,CUST-0201,Customer_201,Consumer,Alabama_City3,Alabama,South,Furniture,Tables,Conference Table,1081.26,5,0.4,3243.78,162.05
ORD-00527,2023-05-28,Standard Class,CUST-0019,Customer_19,Consumer,Pennsylvania_City2,Pennsylvania,East,Technology,Copiers,HP LaserJet,1367.57,7,0.4,5743.79,1195.37
ORD-00089,2023-05-28,Standard Class,CUST-0201,Customer_201,Corporate,Washington_City3,Washington,West,Technology,Accessories,Webcam HD,686.25,9,0.05,5867.44,1066.99
ORD-00710,2023-05-29,First Class,CUST-0249,Customer_249,Home Office,Ohio_City2,Ohio,Central,Technology,Accessories,USB Hub,827.32,1,0.1,744.59,174.04
ORD-00416,2023-05-31,Standard Class,CUST-0163,Customer_163,Corporate,California_City3,California,West,Office Supplies,Binders,Presentation Folder,82.62,1,0.05,78.49,16.57
ORD-00325,2023-05-31,Standard Class,CUST-0186,Customer_186,Consumer,Oregon_City5,Oregon,West,Furniture,Chairs,Guest Chair,327.43,7,0.5,1146.01,161.24
ORD-00189,2023-06-02,Second Class,CUST-0280,Customer_280,Corporate,California_City4,California,West,Furniture,Bookcases,Metal Shelf,652.64,5,0.0,3263.2,233.02
ORD-00914,2023-06-02,Standard Class,CUST-0173,Customer_173,Corporate,Louisiana_City2,Louisiana,South,Furniture,Tables,Folding Table,947.4,8,0.0,7579.2,1040.36
ORD-00393,2023-06-03,Standard Class,CUST-0289,Customer_289,Home Office,Nevada_City5,Nevada,West,Furniture,Chairs,Executive Chair,146.01,5,0.1,657.04,87.33
ORD-00759,2023-06-04,Standard Class,CUST-0212,Customer_212,Consumer,Arizona_City1,Arizona,West,Office Supplies,Paper,A4 Ream,155.41,4,0.2,497.31,77.39
ORD-00591,2023-06-07,Second Class,CUST-0197,Customer_197,Consumer,Missouri_City4,Missouri,Central,Office Supplies,Envelopes,Padded Mailer,66.52,4,0.0,266.08,36.64
ORD-00901,2023-06-08,First Class,CUST-0123,Customer_123,Consumer,Missouri_City3,Missouri,Central,Office Supplies,Labels,Color Dot Labels,162.53,8,0.0,1300.24,237.62
ORD-00378,2023-06-09,Standard Class,CUST-0076,Customer_76,Consumer,Louisiana_City2,Louisiana,South,Technology,Accessories,Keyboard Wireless,224.02,6,0.0,1344.12,285.11
ORD-00114,2023-06-10,Standard Class,CUST-0241,Customer_241,Home Office,California_City5,California,West,Furniture,Tables,Standing Desk,587.31,4,0.1,2114.32,138.32
ORD-00595,2023-06-11,First Class,CUST-0251,Customer_251,Consumer,Michigan_City4,Michigan,Central,Office Supplies,Envelopes,Business Envelope,160.91,2,0.0,321.82,38.17
ORD-00601,2023-06-12,Second Class,CUST-0224,Customer_224,Corporate,Tennessee_City1,Tennessee,South,Furniture,Bookcases,Corner Bookcase,1181.98,5,0.0,5909.9,473.94
ORD-00774,2023-06-12,Standard Class,CUST-0042,Customer_42,Consumer,New York_City4,New York,East,Technology,Accessories,Webcam HD,513.07,2,0.05,974.83,169.16
ORD-00513,2023-06-12,Second Class,CUST-0029,Customer_29,Corporate,Nevada_City5,Nevada,West,Office Supplies,Binders,Portfolio,76.87,4,0.0,307.48,35.04
ORD-00388,2023-06-13,Second Class,CUST-0238,Customer_238,Consumer,Arizona_City5,Arizona,West,Furniture,Tables,Folding Table,638.94,7,0.2,3578.06,444.02
ORD-00381,2023-06-13,Standard Class,CUST-0086,Customer_86,Corporate,New Jersey_City4,New Jersey,East,Technology,Accessories,USB Hub,1387.79,3,0.2,3330.7,557.51
ORD-00756,2023-06-16,Standard Class,CUST-0025,Customer_25,Corporate,New Jersey_City4,New Jersey,East,Furniture,Bookcases,Metal Shelf,176.57,4,0.05,670.97,55.19
ORD-00286,2023-06-17,Standard Class,CUST-0116,Customer_116,Corporate,North Carolina_City1,North Carolina,South,Furniture,Tables,Conference Table,305.06,4,0.0,1220.24,148.68
ORD-00812,2023-06-17,Same Day,CUST-0118,Customer_118,Consumer,North Carolina_City1,North Carolina,South,Office Supplies,Paper,Cardstock,199.5,1,0.1,179.55,31.12
ORD-00157,2023-06-17,Second Class,CUST-0096,Customer_96,Consumer,Michigan_City3,Michigan,Central,Furniture,Bookcases,5-Shelf Unit,539.78,6,0.0,3238.68,534.74
ORD-00748,2023-06-19,Standard Class,CUST-0028,Customer_28,Consumer,New York_City3,New York,East,Technology,Phones,Samsung Galaxy,1118.7,4,0.0,4474.8,707.7
ORD-00477,2023-06-20,Second Class,CUST-0144,Customer_144,Corporate,Washington_City2,Washington,West,Furniture,Chairs,Mesh Chair,106.33,5,0.2,425.32,48.87
ORD-00876,2023-06-21,Standard Class,CUST-0153,Customer_153,Consumer,Oregon_City5,Oregon,West,Technology,Computers,MacBook Pro,1676.58,9,0.1,13580.3,3466.2
ORD-00969,2023-06-22,Standard Class,CUST-0017,Customer_17,Consumer,Texas_City2,Texas,Central,Furniture,Tables,Round Table,411.63,1,0.0,411.63,22.34
ORD-00685,2023-06-22,Standard Class,CUST-0184,Customer_184,Consumer,Texas_City4,Texas,Central,Office Supplies,Paper,Glossy Paper,120.59,5,0.0,602.95,127.44
ORD-00419,2023-06-24,Standard Class,CUST-0101,Customer_101,Corporate,Arizona_City5,Arizona,West,Office Supplies,Paper,Recycled Paper,94.96,1,0.0,94.96,21.79
ORD-00316,2023-06-24,Standard Class,CUST-0020,Customer_20,Consumer,Nevada_City5,Nevada,West,Furniture,Tables,Folding Table,773.69,9,0.05,6615.05,280.72
ORD-00937,2023-06-24,Standard Class,CUST-0171,Customer_171,Home Office,New Jersey_City2,New Jersey,East,Office Supplies,Art,Color Pencils,92.52,1,0.5,46.26,4.85
ORD-00806,2023-06-25,Standard Class,CUST-0194,Customer_194,Home Office,Missouri_City3,Missouri,Central,Office Supplies,Binders,Presentation Folder,97.6,9,0.05,834.48,155.48
ORD-00771,2023-06-25,Standard Class,CUST-0264,Customer_264,Corporate,Texas_City2,Texas,Central,Office Supplies,Binders,Presentation Folder,108.59,9,0.0,977.31,219.05
ORD-00420,2023-06-25,Standard Class,CUST-0268,Customer_268,Corporate,Nevada_City2,Nevada,West,Furniture,Chairs,Executive Chair,564.71,3,0.5,847.06,62.68
ORD-00463,2023-06-26,Standard Class,CUST-0062,Customer_62,Consumer,Virginia_City1,Virginia,East,Furniture,Chairs,Ergonomic Chair,883.25,9,0.3,5564.48,678.58
ORD-00708,2023-06-26,Standard Class,CUST-0073,Customer_73,Consumer,Oregon_City1,Oregon,West,Technology,Computers,Lenovo ThinkPad,1187.11,8,0.0,9496.88,2064.83
ORD-00211,2023-06-27,Standard Class,CUST-0263,Customer_263,Corporate,Virginia_City5,Virginia,East,Furniture,Bookcases,Oak Bookcase,636.65,7,0.1,4010.9,436.27
ORD-00904,2023-06-28,Same Day,CUST-0159,Customer_159,Consumer,Michigan_City4,Michigan,Central,Office Supplies,Art,Sketch Pad,99.56,1,0.15,84.63,9.09
ORD-00466,2023-07-03,Standard Class,CUST-0187,Customer_187,Corporate,Missouri_City5,Missouri,Central,Technology,Computers,MacBook Pro,1429.81,4,0.0,5719.24,1282.96
ORD-00852,2023-07-04,Standard Class,CUST-0229,Customer_229,Consumer,Nevada_City1,Nevada,West,Technology,Accessories,Webcam HD,1446.19,4,0.0,5784.76,857.12
ORD-00633,2023-07-07,Standard Class,CUST-0072,Customer_72,Consumer,New York_City3,New York,East,Office Supplies,Labels,Sticky Notes,175.0,1,0.0,175.0,27.1
ORD-00203,2023-07-08,Second Class,CUST-0199,Customer_199,Consumer,Pennsylvania_City3,Pennsylvania,East,Technology,Phones,Samsung Galaxy,278.9,5,0.0,1394.5,317.47
ORD-00020,2023-07-09,Standard Class,CUST-0022,Customer_22,Home Office,New York_City3,New York,East,Office Supplies,Labels,Address Label,99.63,3,0.0,298.89,46.54
ORD-00469,2023-07-11,Standard Class,CUST-0100,Customer_100,Consumer,Washington_City5,Washington,West,Furniture,Tables,Round Table,229.31,7,0.0,1605.17,254.6
ORD-00707,2023-07-12,Second Class,CUST-0218,Customer_218,Consumer,New Jersey_City5,New Jersey,East,Office Supplies,Labels,Sticky Notes,172.91,4,0.1,622.48,94.36
ORD-00725,2023-07-12,First Class,CUST-0180,Customer_180,Corporate,Missouri_City5,Missouri,Central,Furniture,Tables,Folding Table,999.31,3,0.1,2698.14,240.52
ORD-00607,2023-07-13,First Class,CUST-0217,Customer_217,Corporate,Oregon_City3,Oregon,West,Office Supplies,Binders,Portfolio,173.6,2,0.0,347.2,74.99
ORD-00159,2023-07-14,Standard Class,CUST-0180,Customer_180,Consumer,Virginia_City2,Virginia,East,Furniture,Furnishings,Rug,907.69,6,0.1,4901.53,514.73
ORD-00054,2023-07-18,Second Class,CUST-0218,Customer_218,Corporate,Ohio_City4,Ohio,Central,Technology,Phones,Samsung Galaxy,1225.45,8,0.0,9803.6,2544.43
ORD-00648,2023-07-19,Standard Class,CUST-0229,Customer_229,Corporate,Michigan_City3,Michigan,Central,Technology,Accessories,Webcam HD,273.82,5,0.0,1369.1,199.19
ORD-00116,2023-07-19,Standard Class,CUST-0096,Customer_96,Home Office,Virginia_City2,Virginia,East,Furniture,Furnishings,Lamp Set,446.67,6,0.2,2144.02,138.29
ORD-00732,2023-07-19,Standard Class,CUST-0078,Customer_78,Corporate,Michigan_City4,Michigan,Central,Furniture,Tables,Standing Desk,554.79,9,0.0,4993.11,419.06
ORD-00229,2023-07-21,First Class,CUST-0120,Customer_120,Home Office,Nevada_City5,Nevada,West,Furniture,Tables,Folding Table,1186.42,8,0.0,9491.36,1402.29
ORD-00536,2023-07-21,Standard Class,CUST-0148,Customer_148,Home Office,Pennsylvania_City5,Pennsylvania,East,Furniture,Furnishings,Wall Art,448.14,5,0.05,2128.66,118.82
ORD-00790,2023-07-21,Standard Class,CUST-0137,Customer_137,Corporate,Oregon_City2,Oregon,West,Office Supplies,Storage,Drawer Organizer,77.0,1,0.2,61.6,14.01
ORD-00857,2023-07-22,Standard Class,CUST-0165,Customer_165,Corporate,California_City2,California,West,Furniture,Chairs,Mesh Chair,619.7,8,0.0,4957.6,477.94
ORD-00440,2023-07-22,Standard Class,CUST-0075,Customer_75,Corporate,Louisiana_City1,Louisiana,South,Office Supplies,Binders,3-Ring Binder,53.77,2,0.0,107.54,12.98
ORD-00458,2023-07-24,Standard Class,CUST-0013,Customer_13,Corporate,Texas_City1,Texas,Central,Office Supplies,Paper,A4 Ream,115.27,8,0.0,922.16,99.0
ORD-00879,2023-07-25,Second Class,CUST-0104,Customer_104,Corporate,Alabama_City4,Alabama,South,Technology,Accessories,Keyboard Wireless,1101.93,5,0.5,2754.82,447.55
ORD-00835,2023-07-25,Second Class,CUST-0130,Customer_130,Corporate,Florida_City2,Florida,East,Office Supplies,Paper,Recycled Paper,117.7,7,0.15,700.32,87.86
ORD-00942,2023-07-25,First Class,CUST-0092,Customer_92,Corporate,California_City4,California,West,Technology,Phones,iPhone 14,1668.34,4,0.0,6673.36,1089.24
ORD-00269,2023-07-26,First Class,CUST-0035,Customer_35,Consumer,New York_City2,New York,East,Furniture,Chairs,Guest Chair,820.23,6,0.05,4675.31,350.03
ORD-00273,2023-07-28,Standard Class,CUST-0172,Customer_172,Consumer,North Carolina_City2,North Carolina,South,Furniture,Furnishings,Lamp Set,1037.29,4,0.15,3526.79,302.62
ORD-00083,2023-07-29,Standard Class,CUST-0289,Customer_289,Corporate,Pennsylvania_City4,Pennsylvania,East,Technology,Phones,iPhone 14,790.51,4,0.0,3162.04,529.92
ORD-00038,2023-07-30,Standard Class,CUST-0089,Customer_89,Home Office,Michigan_City3,Michigan,Central,Technology,Computers,Dell Laptop,1220.84,5,0.0,6104.2,1024.9
ORD-00930,2023-07-31,Standard Class,CUST-0023,Customer_23,Consumer,Florida_City5,Florida,East,Office Supplies,Labels,Name Badge,79.06,7,0.0,553.42,84.88
ORD-00593,2023-07-31,Standard Class,CUST-0286,Customer_286,Home Office,California_City5,California,West,Office Supplies,Art,Color Pencils,45.61,4,0.0,182.44,22.64
ORD-00355,2023-08-01,Standard Class,CUST-0058,Customer_58,Home Office,Illinois_City1,Illinois,Central,Technology,Copiers,Brother Printer,1446.57,9,0.0,13019.13,2034.25
ORD-00928,2023-08-03,First Class,CUST-0134,Customer_134,Corporate,North Carolina_City5,North Carolina,South,Technology,Phones,Nokia G50,1403.88,1,0.3,982.72,209.19
ORD-00824,2023-08-04,Second Class,CUST-0293,Customer_293,Consumer,Illinois_City1,Illinois,Central,Technology,Accessories,Webcam HD,929.65,2,0.05,1766.33,455.79
ORD-00529,2023-08-04,Same Day,CUST-0126,Customer_126,Home Office,California_City1,California,West,Technology,Copiers,Brother Printer,1779.5,7,0.2,9965.2,2535.69
ORD-00066,2023-08-05,Second Class,CUST-0237,Customer_237,Corporate,Oregon_City5,Oregon,West,Office Supplies,Binders,Portfolio,133.29,3,0.05,379.88,83.18
ORD-00799,2023-08-05,Second Class,CUST-0220,Customer_220,Consumer,Tennessee_City3,Tennessee,South,Furniture,Furnishings,Rug,872.44,6,0.05,4972.91,208.12
ORD-00208,2023-08-06,Standard Class,CUST-0151,Customer_151,Consumer,New Jersey_City5,New Jersey,East,Furniture,Bookcases,Oak Bookcase,243.41,1,0.0,243.41,13.85
ORD-00454,2023-08-10,Standard Class,CUST-0224,Customer_224,Corporate,Pennsylvania_City5,Pennsylvania,East,Furniture,Tables,Round Table,516.55,2,0.0,1033.1,106.89
ORD-00609,2023-08-10,Standard Class,CUST-0177,Customer_177,Consumer,Texas_City4,Texas,Central,Furniture,Tables,Standing Desk,875.79,2,0.0,1751.58,180.85
ORD-00460,2023-08-10,First Class,CUST-0217,Customer_217,Consumer,New Jersey_City5,New Jersey,East,Office Supplies,Labels,Color Dot Labels,34.27,4,0.15,116.52,21.33
ORD-00418,2023-08-11,Standard Class,CUST-0179,Customer_179,Home Office,Georgia_City4,Georgia,South,Office Supplies,Envelopes,Padded Mailer,166.39,3,0.1,449.25,84.63
ORD-00561,2023-08-11,Standard Class,CUST-0001,Customer_1,Consumer,Washington_City4,Washington,West,Technology,Phones,Google Pixel,521.9,7,0.1,3287.97,882.24
ORD-00600,2023-08-11,Standard Class,CUST-0146,Customer_146,Consumer,New York_City5,New York,East,Office Supplies,Art,Marker Set,11.08,7,0.0,77.56,17.05
ORD-00933,2023-08-11,Second Class,CUST-0104,Customer_104,Home Office,Missouri_City4,Missouri,Central,Furniture,Furnishings,Lamp Set,259.66,5,0.3,908.81,42.41
ORD-00495,2023-08-13,Second Class,CUST-0221,Customer_221,Corporate,New Jersey_City4,New Jersey,East,Furniture,Furnishings,Curtains,833.7,9,0.0,7503.3,538.87
ORD-00193,2023-08-15,Second Class,CUST-0144,Customer_144,Consumer,Pennsylvania_City5,Pennsylvania,East,Furniture,Tables,Folding Table,532.17,4,0.05,2022.25,297.54
ORD-00520,2023-08-16,Standard Class,CUST-0070,Customer_70,Consumer,Oregon_City5,Oregon,West,Office Supplies,Binders,3-Ring Binder,140.45,2,0.0,280.9,28.3
ORD-00105,2023-08-17,Same Day,CUST-0218,Customer_218,Consumer,Nevada_City1,Nevada,West,Technology,Copiers,Xerox WorkCentre,933.95,2,0.2,1494.32,249.28
ORD-00990,2023-08-18,Second Class,CUST-0063,Customer_63,Consumer,Washington_City1,Washington,West,Furniture,Tables,Conference Table,1129.8,3,0.0,3389.4,217.78
ORD-00750,2023-08-18,Standard Class,CUST-0039,Customer_39,Consumer,Washington_City2,Washington,West,Furniture,Bookcases,Oak Bookcase,751.38,3,0.0,2254.14,176.3
ORD-00885,2023-08-20,Standard Class,CUST-0179,Customer_179,Consumer,Texas_City5,Texas,Central,Technology,Computers,Lenovo ThinkPad,1494.23,8,0.0,11953.84,2979.89
ORD-00683,2023-08-20,Same Day,CUST-0095,Customer_95,Home Office,Arizona_City3,Arizona,West,Technology,Computers,Lenovo ThinkPad,486.37,5,0.05,2310.26,425.99
ORD-00777,2023-08-21,Second Class,CUST-0180,Customer_180,Consumer,Missouri_City4,Missouri,Central,Technology,Accessories,Keyboard Wireless,1112.44,7,0.0,7787.08,1757.05
ORD-00726,2023-08-21,Standard Class,CUST-0207,Customer_207,Consumer,Oregon_City5,Oregon,West,Office Supplies,Storage,Filing Cabinet,160.37,1,0.1,144.33,31.39
ORD-00769,2023-08-22,Standard Class,CUST-0034,Customer_34,Home Office,Florida_City2,Florida,East,Furniture,Chairs,Mesh Chair,261.4,5,0.05,1241.65,159.35
ORD-00352,2023-08-22,First Class,CUST-0120,Customer_120,Consumer,Arizona_City1,Arizona,West,Furniture,Tables,Round Table,1083.54,6,0.2,5200.99,697.6
ORD-00544,2023-08-22,Standard Class,CUST-0173,Customer_173,Home Office,New Jersey_City1,New Jersey,East,Office Supplies,Envelopes,Business Envelope,101.04,3,0.0,303.12,48.85
ORD-00833,2023-08-26,First Class,CUST-0013,Customer_13,Consumer,Nevada_City4,Nevada,West,Furniture,Chairs,Ergonomic Chair,304.37,8,0.15,2069.72,176.55
ORD-00184,2023-08-27,Standard Class,CUST-0203,Customer_203,Corporate,New York_City2,New York,East,Furniture,Furnishings,Curtains,520.74,7,0.0,3645.18,314.1
ORD-00182,2023-08-27,Second Class,CUST-0198,Customer_198,Consumer,Oregon_City4,Oregon,West,Office Supplies,Storage,Storage Box,7.23,2,0.2,11.57,1.65
ORD-00866,2023-08-27,Second Class,CUST-0296,Customer_296,Consumer,Texas_City4,Texas,Central,Office Supplies,Envelopes,Business Envelope,156.81,1,0.1,141.13,26.61
ORD-00642,2023-08-28,Second Class,CUST-0236,Customer_236,Corporate,Michigan_City3,Michigan,Central,Office Supplies,Envelopes,Business Envelope,5.8,6,0.15,29.58,5.98
ORD-00558,2023-08-28,Second Class,CUST-0233,Customer_233,Home Office,Oregon_City2,Oregon,West,Office Supplies,Paper,A4 Ream,114.28,5,0.4,342.84,74.58
ORD-00423,2023-08-28,Standard Class,CUST-0043,Customer_43,Corporate,Arizona_City3,Arizona,West,Technology,Phones,Nokia G50,1027.15,9,0.05,8782.13,1565.78
ORD-00468,2023-08-31,Standard Class,CUST-0177,Customer_177,Corporate,Illinois_City1,Illinois,Central,Furniture,Furnishings,Rug,789.1,1,0.2,631.28,35.57
ORD-00438,2023-09-01,Standard Class,CUST-0196,Customer_196,Consumer,Virginia_City1,Virginia,East,Technology,Copiers,Brother Printer,523.09,9,0.4,2824.69,649.54
ORD-00147,2023-09-01,Standard Class,CUST-0233,Customer_233,Home Office,California_City3,California,West,Technology,Phones,Nokia G50,1681.48,4,0.05,6389.62,1379.46
ORD-00631,2023-09-03,Standard Class,CUST-0034,Customer_34,Corporate,Nevada_City1,Nevada,West,Technology,Copiers,Xerox WorkCentre,1440.85,3,0.4,2593.53,507.99
ORD-00503,2023-09-04,Standard Class,CUST-0230,Customer_230,Corporate,Michigan_City1,Michigan,Central,Furniture,Tables,Folding Table,772.2,7,0.05,5135.13,670.09
ORD-00242,2023-09-04,Standard Class,CUST-0208,Customer_208,Consumer,Washington_City2,Washington,West,Furniture,Furnishings,Rug,1143.84,9,0.3,7206.19,292.31
ORD-00690,2023-09-06,Standard Class,CUST-0093,Customer_93,Consumer,Pennsylvania_City3,Pennsylvania,East,Office Supplies,Binders,Presentation Folder,164.4,2,0.2,263.04,27.06
ORD-00684,2023-09-08,Second Class,CUST-0008,Customer_8,Corporate,North Carolina_City1,North Carolina,South,Technology,Copiers,HP LaserJet,1153.79,6,0.0,6922.74,1792.64
ORD-00220,2023-09-13,Standard Class,CUST-0160,Customer_160,Consumer,Washington_City1,Washington,West,Technology,Computers,Dell Laptop,1678.62,1,0.0,1678.62,315.31
ORD-00986,2023-09-14,Same Day,CUST-0084,Customer_84,Consumer,Washington_City1,Washington,West,Furniture,Bookcases,5-Shelf Unit,1085.6,1,0.0,1085.6,85.98
ORD-00832,2023-09-16,Standard Class,CUST-0172,Customer_172,Corporate,Tennessee_City4,Tennessee,South,Office Supplies,Envelopes,Kraft Envelope,74.28,6,0.5,222.84,28.2
ORD-00946,2023-09-17,Standard Class,CUST-0296,Customer_296,Consumer,Michigan_City3,Michigan,Central,Furniture,Chairs,Ergonomic Chair,1109.85,8,0.0,8878.8,538.13
ORD-00599,2023-09-18,First Class,CUST-0065,Customer_65,Corporate,Oregon_City3,Oregon,West,Technology,Computers,Dell Laptop,648.74,8,0.0,5189.92,1313.42
ORD-00853,2023-09-19,Second Class,CUST-0270,Customer_270,Consumer,Pennsylvania_City3,Pennsylvania,East,Office Supplies,Labels,Sticky Notes,95.66,6,0.4,344.38,55.36
ORD-00660,2023-09-19,Standard Class,CUST-0030,Customer_30,Consumer,Oregon_City2,Oregon,West,Office Supplies,Art,Marker Set,27.94,7,0.1,176.02,24.36
ORD-00474,2023-09-20,Standard Class,CUST-0206,Customer_206,Consumer,California_City5,California,West,Technology,Accessories,Logitech Mouse,933.83,2,0.0,1867.66,434.19
ORD-00813,2023-09-20,First Class,CUST-0275,Customer_275,Consumer,Washington_City3,Washington,West,Office Supplies,Labels,Color Dot Labels,135.66,3,0.1,366.28,60.58
ORD-00514,2023-09-22,Second Class,CUST-0165,Customer_165,Corporate,New Jersey_City4,New Jersey,East,Furniture,Bookcases,Metal Shelf,516.83,2,0.0,1033.66,119.67
ORD-00179,2023-09-22,First Class,CUST-0172,Customer_172,Consumer,Tennessee_City3,Tennessee,South,Office Supplies,Envelopes,Padded Mailer,49.21,5,0.2,196.84,20.49
ORD-00219,2023-09-22,Same Day,CUST-0037,Customer_37,Home Office,Illinois_City5,Illinois,Central,Technology,Phones,Google Pixel,717.46,3,0.0,2152.38,379.73
ORD-00142,2023-09-23,First Class,CUST-0190,Customer_190,Home Office,Nevada_City2,Nevada,West,Furniture,Bookcases,Metal Shelf,1004.13,7,0.0,7028.91,1189.11
ORD-00232,2023-09-24,Second Class,CUST-0075,Customer_75,Home Office,Virginia_City4,Virginia,East,Furniture,Furnishings,Curtains,586.43,9,0.05,5013.98,458.92
ORD-00616,2023-09-26,Standard Class,CUST-0259,Customer_259,Consumer,Washington_City4,Washington,West,Office Supplies,Binders,Clip Binder,190.39,5,0.15,809.16,103.81
ORD-00894,2023-09-27,Standard Class,CUST-0097,Customer_97,Corporate,New York_City2,New York,East,Office Supplies,Binders,Presentation Folder,172.28,4,0.2,551.3,125.37
ORD-00510,2023-09-27,Standard Class,CUST-0122,Customer_122,Consumer,New York_City1,New York,East,Office Supplies,Storage,Filing Cabinet,186.64,6,0.15,951.86,115.7
ORD-00629,2023-09-28,Second Class,CUST-0260,Customer_260,Consumer,Alabama_City3,Alabama,South,Technology,Accessories,Logitech Mouse,1371.91,7,0.0,9603.37,1683.36
ORD-00132,2023-09-28,Standard Class,CUST-0045,Customer_45,Corporate,North Carolina_City2,North Carolina,South,Furniture,Tables,Folding Table,898.94,7,0.0,6292.58,617.03
ORD-00304,2023-09-28,Standard Class,CUST-0273,Customer_273,Consumer,California_City5,California,West,Furniture,Furnishings,Lamp Set,1066.55,5,0.0,5332.75,251.22
ORD-00850,2023-09-30,Standard Class,CUST-0060,Customer_60,Consumer,Virginia_City4,Virginia,East,Furniture,Chairs,Ergonomic Chair,1181.94,8,0.1,8509.97,625.59
ORD-00589,2023-10-01,Standard Class,CUST-0082,Customer_82,Consumer,Louisiana_City2,Louisiana,South,Furniture,Furnishings,Lamp Set,429.28,9,0.3,2704.46,191.3
ORD-00679,2023-10-03,Standard Class,CUST-0111,Customer_111,Home Office,California_City1,California,West,Technology,Accessories,USB Hub,1280.79,8,0.4,6147.79,861.71
ORD-00632,2023-10-03,Standard Class,CUST-0095,Customer_95,Corporate,Ohio_City3,Ohio,Central,Furniture,Chairs,Guest Chair,257.62,4,0.15,875.91,137.62
ORD-00775,2023-10-05,Standard Class,CUST-0101,Customer_101,Corporate,Alabama_City4,Alabama,South,Furniture,Bookcases,Corner Bookcase,849.67,6,0.1,4588.22,763.95
ORD-00694,2023-10-05,Second Class,CUST-0051,Customer_51,Corporate,Oregon_City1,Oregon,West,Office Supplies,Labels,Address Label,194.87,6,0.0,1169.22,178.49
ORD-00095,2023-10-08,Same Day,CUST-0293,Customer_293,Consumer,California_City1,California,West,Furniture,Chairs,Mesh Chair,308.41,2,0.1,555.14,84.16
ORD-00755,2023-10-09,Standard Class,CUST-0300,Customer_300,Consumer,New Jersey_City1,New Jersey,East,Furniture,Furnishings,Rug,1151.47,5,0.1,5181.62,807.19
ORD-00613,2023-10-10,Second Class,CUST-0006,Customer_6,Home Office,North Carolina_City5,North Carolina,South,Furniture,Tables,Standing Desk,646.76,3,0.1,1746.25,281.82
ORD-00444,2023-10-10,Standard Class,CUST-0164,Customer_164,Consumer,Oregon_City2,Oregon,West,Furniture,Tables,Round Table,890.21,1,0.1,801.19,69.41
ORD-00870,2023-10-12,First Class,CUST-0288,Customer_288,Corporate,Arizona_City1,Arizona,West,Furniture,Furnishings,Wall Art,907.2,9,0.3,5715.36,665.17
ORD-00786,2023-10-12,Second Class,CUST-0112,Customer_112,Consumer,California_City5,California,West,Office Supplies,Paper,A4 Ream,197.35,9,0.05,1687.34,188.39
ORD-00958,2023-10-15,First Class,CUST-0202,Customer_202,Consumer,Missouri_City3,Missouri,Central,Office Supplies,Envelopes,Kraft Envelope,70.79,6,0.1,382.27,44.84
ORD-00925,2023-10-17,Second Class,CUST-0011,Customer_11,Home Office,Louisiana_City3,Louisiana,South,Furniture,Chairs,Guest Chair,538.62,3,0.0,1615.86,244.39
ORD-00805,2023-10-18,Second Class,CUST-0062,Customer_62,Home Office,Louisiana_City5,Louisiana,South,Furniture,Bookcases,Oak Bookcase,828.74,8,0.0,6629.92,545.21
ORD-00827,2023-10-18,Standard Class,CUST-0161,Customer_161,Corporate,Missouri_City1,Missouri,Central,Furniture,Chairs,Executive Chair,568.27,1,0.0,568.27,71.72
ORD-00081,2023-10-20,Second Class,CUST-0081,Customer_81,Corporate,Virginia_City5,Virginia,East,Technology,Copiers,Brother Printer,1701.19,3,0.15,4338.03,1150.38
ORD-00754,2023-10-22,Second Class,CUST-0126,Customer_126,Corporate,Tennessee_City4,Tennessee,South,Furniture,Furnishings,Wall Art,293.79,7,0.3,1439.57,153.5
ORD-00119,2023-10-23,First Class,CUST-0237,Customer_237,Consumer,Georgia_City3,Georgia,South,Office Supplies,Labels,Color Dot Labels,77.49,7,0.05,515.31,96.8
ORD-00982,2023-10-25,Second Class,CUST-0150,Customer_150,Consumer,Pennsylvania_City1,Pennsylvania,East,Technology,Accessories,Keyboard Wireless,1250.23,6,0.0,7501.38,1325.79
ORD-00873,2023-10-26,Standard Class,CUST-0023,Customer_23,Consumer,North Carolina_City1,North Carolina,South,Technology,Copiers,Xerox WorkCentre,1477.16,2,0.4,1772.59,419.5
ORD-00243,2023-10-27,Second Class,CUST-0169,Customer_169,Home Office,Arizona_City2,Arizona,West,Furniture,Chairs,Guest Chair,1119.4,2,0.0,2238.8,208.42
ORD-00464,2023-10-31,Same Day,CUST-0084,Customer_84,Corporate,Missouri_City5,Missouri,Central,Technology,Computers,HP Spectre,871.33,2,0.1,1568.39,347.45
ORD-00015,2023-11-01,Standard Class,CUST-0258,Customer_258,Corporate,Washington_City4,Washington,West,Furniture,Chairs,Guest Chair,312.26,5,0.4,936.78,80.91
ORD-00303,2023-11-02,Second Class,CUST-0155,Customer_155,Home Office,Ohio_City3,Ohio,Central,Furniture,Chairs,Ergonomic Chair,788.37,1,0.3,551.86,89.88
ORD-00277,2023-11-03,Standard Class,CUST-0006,Customer_6,Corporate,Ohio_City1,Ohio,Central,Furniture,Chairs,Mesh Chair,1054.15,9,0.0,9487.35,745.43
ORD-00585,2023-11-03,Second Class,CUST-0240,Customer_240,Consumer,New Jersey_City3,New Jersey,East,Furniture,Tables,Round Table,962.39,2,0.1,1732.3,212.84
ORD-00399,2023-11-05,Standard Class,CUST-0246,Customer_246,Corporate,California_City2,California,West,Office Supplies,Paper,A4 Ream,120.79,6,0.5,362.37,72.14
ORD-00124,2023-11-06,Standard Class,CUST-0013,Customer_13,Home Office,Florida_City4,Florida,East,Furniture,Tables,Conference Table,719.46,8,0.0,5755.68,385.04
ORD-00845,2023-11-06,First Class,CUST-0137,Customer_137,Corporate,Washington_City4,Washington,West,Furniture,Furnishings,Curtains,224.48,3,0.5,336.72,26.46
ORD-00121,2023-11-06,Standard Class,CUST-0171,Customer_171,Consumer,Nevada_City1,Nevada,West,Office Supplies,Labels,Sticky Notes,88.96,8,0.0,711.68,110.4
ORD-00839,2023-11-07,Same Day,CUST-0265,Customer_265,Corporate,Georgia_City2,Georgia,South,Furniture,Furnishings,Rug,551.92,1,0.0,551.92,64.96
ORD-00247,2023-11-07,Standard Class,CUST-0277,Customer_277,Consumer,Florida_City4,Florida,East,Technology,Computers,MacBook Pro,1310.07,9,0.2,9432.5,1644.05
ORD-00829,2023-11-09,Second Class,CUST-0010,Customer_10,Corporate,Alabama_City3,Alabama,South,Furniture,Chairs,Ergonomic Chair,660.36,2,0.4,792.43,52.18
ORD-00094,2023-11-10,Second Class,CUST-0216,Customer_216,Corporate,Ohio_City5,Ohio,Central,Office Supplies,Envelopes,Bubble Wrap,108.67,4,0.05,412.95,93.0
ORD-00368,2023-11-10,Standard Class,CUST-0118,Customer_118,Corporate,Nevada_City2,Nevada,West,Technology,Accessories,Webcam HD,1003.72,8,0.0,8029.76,1925.52
ORD-00422,2023-11-13,Standard Class,CUST-0168,Customer_168,Consumer,Tennessee_City5,Tennessee,South,Technology,Copiers,HP LaserJet,287.27,8,0.05,2183.25,495.45
ORD-00382,2023-11-14,Second Class,CUST-0185,Customer_185,Consumer,Louisiana_City2,Louisiana,South,Office Supplies,Binders,Clip Binder,197.71,8,0.0,1581.68,328.47
ORD-00176,2023-11-19,Second Class,CUST-0126,Customer_126,Corporate,Arizona_City2,Arizona,West,Office Supplies,Paper,Glossy Paper,86.22,5,0.05,409.54,83.88
ORD-00797,2023-11-20,First Class,CUST-0223,Customer_223,Consumer,Ohio_City2,Ohio,Central,Office Supplies,Storage,Drawer Organizer,173.81,3,0.0,521.43,72.75
ORD-00427,2023-11-22,Standard Class,CUST-0095,Customer_95,Consumer,Arizona_City4,Arizona,West,Office Supplies,Storage,Shelf Rack,145.92,6,0.1,787.97,80.78
ORD-00624,2023-11-25,Same Day,CUST-0078,Customer_78,Consumer,Washington_City1,Washington,West,Office Supplies,Binders,Portfolio,9.86,7,0.2,55.22,5.94
ORD-00158,2023-11-26,Standard Class,CUST-0233,Customer_233,Corporate,New York_City3,New York,East,Technology,Phones,Samsung Galaxy,1668.61,4,0.1,6007.0,1481.33
ORD-00453,2023-11-27,Standard Class,CUST-0190,Customer_190,Corporate,Illinois_City5,Illinois,Central,Office Supplies,Paper,Recycled Paper,190.2,7,0.0,1331.4,291.1
ORD-00803,2023-11-28,First Class,CUST-0118,Customer_118,Corporate,Illinois_City3,Illinois,Central,Technology,Computers,Lenovo ThinkPad,810.5,6,0.5,2431.5,401.0
ORD-00770,2023-11-29,Standard Class,CUST-0111,Customer_111,Corporate,Louisiana_City5,Louisiana,South,Furniture,Furnishings,Lamp Set,264.14,8,0.5,1056.56,175.75
ORD-00390,2023-12-01,Second Class,CUST-0218,Customer_218,Consumer,New Jersey_City3,New Jersey,East,Office Supplies,Paper,Glossy Paper,94.22,9,0.15,720.78,150.19
ORD-00473,2023-12-04,Standard Class,CUST-0284,Customer_284,Consumer,Alabama_City1,Alabama,South,Office Supplies,Storage,Drawer Organizer,54.36,6,0.4,195.7,24.56
ORD-00597,2023-12-05,Standard Class,CUST-0119,Customer_119,Home Office,Alabama_City1,Alabama,South,Furniture,Furnishings,Rug,488.96,8,0.2,3129.34,439.81
ORD-00705,2023-12-07,Standard Class,CUST-0034,Customer_34,Corporate,Louisiana_City3,Louisiana,South,Office Supplies,Binders,Portfolio,50.18,2,0.15,85.31,15.18
ORD-00259,2023-12-07,Standard Class,CUST-0264,Customer_264,Consumer,Texas_City2,Texas,Central,Furniture,Furnishings,Wall Art,868.63,2,0.0,1737.26,121.75
ORD-00662,2023-12-11,Standard Class,CUST-0106,Customer_106,Consumer,Texas_City3,Texas,Central,Furniture,Tables,Standing Desk,401.0,5,0.1,1804.5,297.24
ORD-00878,2023-12-14,Standard Class,CUST-0225,Customer_225,Home Office,Pennsylvania_City2,Pennsylvania,East,Office Supplies,Binders,Clip Binder,146.76,3,0.0,440.28,87.21
ORD-00150,2023-12-17,Same Day,CUST-0137,Customer_137,Corporate,Florida_City4,Florida,East,Office Supplies,Art,Color Pencils,74.35,2,0.3,104.09,14.57
ORD-00288,2023-12-20,Standard Class,CUST-0253,Customer_253,Corporate,Missouri_City5,Missouri,Central,Office Supplies,Labels,Address Label,94.31,8,0.2,603.58,89.12
ORD-00106,2023-12-20,Standard Class,CUST-0255,Customer_255,Consumer,Ohio_City3,Ohio,Central,Technology,Copiers,Canon Copier,1264.39,6,0.15,6448.39,1358.65
ORD-00129,2023-12-23,Second Class,CUST-0284,Customer_284,Consumer,Missouri_City3,Missouri,Central,Office Supplies,Envelopes,Kraft Envelope,192.52,4,0.15,654.57,138.53
ORD-00461,2023-12-24,Standard Class,CUST-0286,Customer_286,Consumer,Louisiana_City4,Louisiana,South,Office Supplies,Binders,Presentation Folder,174.42,2,0.0,348.84,73.52
ORD-00643,2023-12-24,Standard Class,CUST-0222,Customer_222,Consumer,Alabama_City1,Alabama,South,Office Supplies,Binders,3-Ring Binder,186.81,3,0.2,448.34,73.73
ORD-00981,2023-12-24,First Class,CUST-0063,Customer_63,Consumer,Louisiana_City1,Louisiana,South,Technology,Phones,Samsung Galaxy,407.85,2,0.0,815.7,131.04
ORD-00244,2023-12-24,Second Class,CUST-0161,Customer_161,Corporate,Texas_City4,Texas,Central,Office Supplies,Envelopes,Bubble Wrap,174.41,8,0.0,1395.28,169.1
ORD-00917,2023-12-24,Standard Class,CUST-0115,Customer_115,Home Office,Louisiana_City1,Louisiana,South,Technology,Phones,Samsung Galaxy,1220.12,1,0.0,1220.12,310.04
ORD-00144,2023-12-27,Standard Class,CUST-0283,Customer_283,Corporate,Arizona_City3,Arizona,West,Technology,Accessories,Keyboard Wireless,641.53,4,0.1,2309.51,596.8
ORD-00581,2023-12-28,First Class,CUST-0145,Customer_145,Consumer,Arizona_City1,Arizona,West,Furniture,Bookcases,Metal Shelf,789.92,6,0.1,4265.57,271.08
ORD-00891,2023-12-29,Standard Class,CUST-0231,Customer_231,Consumer,Washington_City1,Washington,West,Office Supplies,Envelopes,Kraft Envelope,59.18,2,0.0,118.36,14.11
ORD-00672,2023-12-30,Second Class,CUST-0262,Customer_262,Corporate,Virginia_City1,Virginia,East,Office Supplies,Art,Color Pencils,52.74,2,0.5,52.74,6.27
ORD-00522,2023-12-30,Standard Class,CUST-0275,Customer_275,Corporate,Alabama_City2,Alabama,South,Office Supplies,Envelopes,Kraft Envelope,107.78,9,0.0,970.02,129.09
ORD-00063,2023-12-30,Second Class,CUST-0296,Customer_296,Home Office,Arizona_City2,Arizona,West,Office Supplies,Paper,Cardstock,24.26,6,0.1,131.0,14.86
